{"resourceType":"CodeSystem","id":"tags","text":{"status":"generated","div":"<div xmlns=\"http://www.w3.org/1999/xhtml\"><p>This code system http://www.fhir.org/guides/argonaut/argo-write/CodeSystem/tags defines the following codes:</p><table class=\"codes\"><tr><td style=\"white-space:nowrap\"><b>Code</b></td><td><b>Display</b></td><td><b>Definition</b></td></tr><tr><td style=\"white-space:nowrap\">uploaded-data<a name=\"tags-uploaded-data\"> </a></td><td>Uploaded Data</td><td>Data is supplied by a client facing app. For example, patient generated or mediated data that is supplied by patient or other patient designee (such as a parent or spouse) rather than by a healthcare provider.</td></tr></table></div>"},"url":"http://www.fhir.org/guides/argonaut/argo-write/CodeSystem/tags","version":"0.1.0","name":"ArgonautWriteTagCodeSystem","title":"Argonaut Write Tag Code System","status":"active","date":"2021-12-03T21:52:00-08:00","publisher":"Health eData Inc","contact":[{"telecom":[{"system":"email","value":"mailto:ehaas@healthedatainc.com"}]}],"description":"Used to tag patient submitted resources for writing and searching from EHRs","content":"complete","count":1,"concept":[{"code":"uploaded-data","display":"Uploaded Data","definition":"Data is supplied by a client facing app. For example, patient generated or mediated data that is supplied by patient or other patient designee (such as a parent or spouse) rather than by a healthcare provider."}]}