{"resourceType":"CodeSystem","id":"argo-group-characteristic","text":{"status":"generated","div":"<div xmlns=\"http://www.w3.org/1999/xhtml\"><p>This code system http://www.fhir.org/guides/sushi-sandbox/CodeSystem/argo-group-characteristic defines the following codes:</p><table class=\"codes\"><tr><td style=\"white-space:nowrap\"><b>Code</b></td><td><b>Display</b></td><td><b>Definition</b></td></tr><tr><td style=\"white-space:nowrap\">location<a name=\"argo-group-characteristic-location\"> </a></td><td>Location</td><td>Members (Patients) whose care is at the location specified by the value which references the Location resource representing the physical structures managed/operated by an organization (e.g., a ward, building, clinic, etc)</td></tr><tr><td style=\"white-space:nowrap\">team<a name=\"argo-group-characteristic-team\"> </a></td><td>CareTeam</td><td>Members (Patients) who are under the care of the care-team specified by the value which references the CareTeam resource representing the care-team. (e.g., Respiratory Therapy CareTeam, CareTeam blue , etc)</td></tr><tr><td style=\"white-space:nowrap\">organization<a name=\"argo-group-characteristic-organization\"> </a></td><td>Organization</td><td>Members (Patients) whose care is at the organization specified by the value which references the Organization resource representing the organization. (e.g., Burgess Medical Group)</td></tr><tr><td style=\"white-space:nowrap\">practitioner<a name=\"argo-group-characteristic-practitioner\"> </a></td><td>Practitioner</td><td>Members (Patients) who are under the care of the practitioner specified by the value which references the Practitioner resource representing the practitioner. (e.g., Dr Leung)</td></tr></table></div>"},"url":"http://www.fhir.org/guides/sushi-sandbox/CodeSystem/argo-group-characteristic","version":"0.1.0","name":"ArgonautGroupCharacteristicCodeSystem","title":"Argonaut Group Characteristic Code System","status":"active","date":"2021-09-12T16:50:58-07:00","publisher":"Health eData Inc","contact":[{"telecom":[{"system":"email","value":"mailto:ehaas@healthedatainc.com"}]}],"description":"Used to define group characteristic and limited to 'location'or 'team' or 'organization' or 'practitioner'","content":"complete","count":4,"concept":[{"code":"location","display":"Location","definition":"Members (Patients) whose care is at the location specified by the value which references the Location resource representing the physical structures managed/operated by an organization (e.g., a ward, building, clinic, etc)"},{"code":"team","display":"CareTeam","definition":"Members (Patients) who are under the care of the care-team specified by the value which references the CareTeam resource representing the care-team. (e.g., Respiratory Therapy CareTeam, CareTeam blue , etc)"},{"code":"organization","display":"Organization","definition":"Members (Patients) whose care is at the organization specified by the value which references the Organization resource representing the organization. (e.g., Burgess Medical Group)"},{"code":"practitioner","display":"Practitioner","definition":"Members (Patients) who are under the care of the practitioner specified by the value which references the Practitioner resource representing the practitioner. (e.g., Dr Leung)"}]}