{"resourceType":"CodeSystem","id":"update-type","text":{"status":"generated","div":"<div xmlns=\"http://www.w3.org/1999/xhtml\"><p>This code system http://www.fhir.org/guides/sushi-sandbox/CodeSystem/update-type defines the following codes:</p><table class=\"codes\"><tr><td style=\"white-space:nowrap\"><b>Code</b></td><td><b>Display</b></td><td><b>Definition</b></td></tr><tr><td style=\"white-space:nowrap\">incremental<a name=\"update-type-incremental\"> </a></td><td>Incremental</td><td>In contrast to the Snapshot Update, the FHIR Parameters resource used in a Submit Data or the Collect Data scenario contains only the new and updated DEQM and QI Core Profiles since the last transaction. If the Consumer supports incremental updates, the contents of the updated payload updates the previous payload data.</td></tr><tr><td style=\"white-space:nowrap\">snapshot<a name=\"update-type-snapshot\"> </a></td><td>Snapshot</td><td>In contrast to the Incremental Update, the FHIR Parameters resource used in a Submit Data or the Collect Data scenario contains all the DEQM and QI Core Profiles for each transaction.  If the Consumer supports snapshot updates, the contents of the updated payload entirely replaces the previous payload</td></tr></table></div>"},"url":"http://www.fhir.org/guides/sushi-sandbox/CodeSystem/update-type","version":"0.1.0","name":"DEQMUpdateTypeCodeSystem","title":"DEQM Update Type Code System","status":"active","date":"2020-10-19T14:27:56-07:00","publisher":"Health eData Inc","contact":[{"telecom":[{"system":"email","value":"mailto:ehaas@healthedatainc.com"}]}],"description":"Concepts for how a DEQM Consumer supports data exchange updates. The choices are snapshot or incremental updates","content":"complete","count":2,"concept":[{"code":"incremental","display":"Incremental","definition":"In contrast to the Snapshot Update, the FHIR Parameters resource used in a Submit Data or the Collect Data scenario contains only the new and updated DEQM and QI Core Profiles since the last transaction. If the Consumer supports incremental updates, the contents of the updated payload updates the previous payload data."},{"code":"snapshot","display":"Snapshot","definition":"In contrast to the Incremental Update, the FHIR Parameters resource used in a Submit Data or the Collect Data scenario contains all the DEQM and QI Core Profiles for each transaction.  If the Consumer supports snapshot updates, the contents of the updated payload entirely replaces the previous payload"}]}