{"resourceType":"ImplementationGuide","id":"healthedatainc.sushi-sandbox","text":{"status":"extensions","div":"<div xmlns=\"http://www.w3.org/1999/xhtml\"><h2>SushiSandbox</h2><p>The official URL for this implementation guide is: </p><pre>http://www.fhir.org/guides/sushi-sandbox/ImplementationGuide/healthedatainc.sushi-sandbox</pre><div><p>This is a sushi sandbox for creation of resources and examples</p>\n</div></div>"},"url":"http://www.fhir.org/guides/sushi-sandbox/ImplementationGuide/healthedatainc.sushi-sandbox","version":"0.1.0","name":"SushiSandbox","title":"Sushi Sandbox","status":"active","date":"2020-10-22T13:38:06-07:00","publisher":"Health eData Inc","contact":[{"telecom":[{"system":"email","value":"mailto:ehaas@healthedatainc.com"}]}],"description":"This is a sushi sandbox for creation of resources and examples","packageId":"healthedatainc.sushi-sandbox","license":"CC0-1.0","fhirVersion":["4.0.1"],"dependsOn":[{"id":"hl7_fhir_us_core","uri":"http://hl7.org/fhir/us/core/ImplementationGuide/hl7.fhir.us.core","packageId":"hl7.fhir.us.core","version":"3.1.0"}],"definition":{"extension":[{"extension":[{"url":"code","valueString":"copyrightyear"},{"url":"value","valueString":"2020+"}],"url":"http://hl7.org/fhir/tools/StructureDefinition/ig-parameter"},{"extension":[{"url":"code","valueString":"releaselabel"},{"url":"value","valueString":"CI Build"}],"url":"http://hl7.org/fhir/tools/StructureDefinition/ig-parameter"},{"extension":[{"url":"code","valueString":"show-inherited-invariants"},{"url":"value","valueString":"false"}],"url":"http://hl7.org/fhir/tools/StructureDefinition/ig-parameter"},{"extension":[{"url":"code","valueString":"usage-stats-opt-out"},{"url":"value","valueString":"false"}],"url":"http://hl7.org/fhir/tools/StructureDefinition/ig-parameter"},{"extension":[{"url":"code","valueString":"path-output"},{"url":"value","valueString":"docs"}],"url":"http://hl7.org/fhir/tools/StructureDefinition/ig-parameter"},{"extension":[{"url":"code","valueString":"excludexml"},{"url":"value","valueString":"true"}],"url":"http://hl7.org/fhir/tools/StructureDefinition/ig-parameter"},{"extension":[{"url":"code","valueString":"escludejsn"},{"url":"value","valueString":"false"}],"url":"http://hl7.org/fhir/tools/StructureDefinition/ig-parameter"},{"extension":[{"url":"code","valueString":"excludettl"},{"url":"value","valueString":"true"}],"url":"http://hl7.org/fhir/tools/StructureDefinition/ig-parameter"},{"extension":[{"url":"code","valueString":"excludemap"},{"url":"value","valueString":"true"}],"url":"http://hl7.org/fhir/tools/StructureDefinition/ig-parameter"},{"extension":[{"url":"code","valueString":"excludeexample"},{"url":"value","valueString":"true"}],"url":"http://hl7.org/fhir/tools/StructureDefinition/ig-parameter"},{"extension":[{"url":"code","valueString":"autoload-resources"},{"url":"value","valueString":"true"}],"url":"http://hl7.org/fhir/tools/StructureDefinition/ig-parameter"},{"extension":[{"url":"code","valueString":"path-liquid"},{"url":"value","valueString":"template/liquid"}],"url":"http://hl7.org/fhir/tools/StructureDefinition/ig-parameter"},{"extension":[{"url":"code","valueString":"path-liquid"},{"url":"value","valueString":"input/liquid"}],"url":"http://hl7.org/fhir/tools/StructureDefinition/ig-parameter"},{"extension":[{"url":"code","valueString":"path-qa"},{"url":"value","valueString":"temp/qa"}],"url":"http://hl7.org/fhir/tools/StructureDefinition/ig-parameter"},{"extension":[{"url":"code","valueString":"path-temp"},{"url":"value","valueString":"temp/pages"}],"url":"http://hl7.org/fhir/tools/StructureDefinition/ig-parameter"},{"extension":[{"url":"code","valueString":"path-suppressed-warnings"},{"url":"value","valueString":"input/ignoreWarnings.txt"}],"url":"http://hl7.org/fhir/tools/StructureDefinition/ig-parameter"},{"extension":[{"url":"code","valueString":"path-history"},{"url":"value","valueString":"http://www.fhir.org/guides/sushi-sandbox/history.html"}],"url":"http://hl7.org/fhir/tools/StructureDefinition/ig-parameter"},{"extension":[{"url":"code","valueString":"template-html"},{"url":"value","valueString":"template-page.html"}],"url":"http://hl7.org/fhir/tools/StructureDefinition/ig-parameter"},{"extension":[{"url":"code","valueString":"template-md"},{"url":"value","valueString":"template-page-md.html"}],"url":"http://hl7.org/fhir/tools/StructureDefinition/ig-parameter"},{"extension":[{"url":"code","valueString":"apply-contact"},{"url":"value","valueString":"true"}],"url":"http://hl7.org/fhir/tools/StructureDefinition/ig-parameter"},{"extension":[{"url":"code","valueString":"apply-context"},{"url":"value","valueString":"true"}],"url":"http://hl7.org/fhir/tools/StructureDefinition/ig-parameter"},{"extension":[{"url":"code","valueString":"apply-copyright"},{"url":"value","valueString":"true"}],"url":"http://hl7.org/fhir/tools/StructureDefinition/ig-parameter"},{"extension":[{"url":"code","valueString":"apply-jurisdiction"},{"url":"value","valueString":"true"}],"url":"http://hl7.org/fhir/tools/StructureDefinition/ig-parameter"},{"extension":[{"url":"code","valueString":"apply-license"},{"url":"value","valueString":"true"}],"url":"http://hl7.org/fhir/tools/StructureDefinition/ig-parameter"},{"extension":[{"url":"code","valueString":"apply-publisher"},{"url":"value","valueString":"true"}],"url":"http://hl7.org/fhir/tools/StructureDefinition/ig-parameter"},{"extension":[{"url":"code","valueString":"apply-version"},{"url":"value","valueString":"true"}],"url":"http://hl7.org/fhir/tools/StructureDefinition/ig-parameter"},{"extension":[{"url":"code","valueString":"active-tables"},{"url":"value","valueString":"true"}],"url":"http://hl7.org/fhir/tools/StructureDefinition/ig-parameter"}],"grouping":[{"id":"_dyn_searchparameter","name":"Behavior: Search Parameters","description":"These define the properties by which a RESTful server can be searched.  They can also be used for sorting and including related resources."},{"id":"_str_profile","name":"Structures: Resource Profiles","description":"These define constraints on FHIR resources that need to be complied with by conformant implementations"},{"id":"_str_extension","name":"Structures: Extension Definitions","description":"These define constraints on FHIR data types that need to be complied with by conformant implementations"},{"id":"_term_valueset","name":"Terminology: Value Sets","description":"These define sets of codes used by systems conforming with this implementation guide"},{"id":"_term_codesystem","name":"Terminology: Code Systems","description":"These define new code systems used by systems conforming with this implementation guide"}],"resource":[{"extension":[{"url":"http://hl7.org/fhir/StructureDefinition/implementationguide-page","valueUri":"StructureDefinition-argo-patientlist.html"}],"reference":{"reference":"StructureDefinition/argo-patientlist"},"name":"Argonaut Patient List (Group) Profile","description":"Profile on the R4 Group resource to for [Argonaut Patient List Project](https://confluence.hl7.org/display/AP/Argonaut+Project+Home).  Note that the [Group](http://hl7.org/fhir/group.html) resource is used for this patient **list** use case even though there is also a FHIR List resource","exampleBoolean":false,"groupingId":"_str_profile"},{"extension":[{"url":"http://hl7.org/fhir/StructureDefinition/implementationguide-page","valueUri":"StructureDefinition-extension-measureScoring.html"}],"reference":{"reference":"StructureDefinition/extension-measureScoring"},"name":"DEQM Measure Scoring Extension","description":"Indicates how the calculation is performed for the measure, including proportion, ratio, continuous-variable, and cohort. The value set is extensible, allowing additional measure scoring types to be represented. It is expected to be the same as the scoring element on the referenced Measure","exampleBoolean":false,"groupingId":"_str_extension"},{"extension":[{"url":"http://hl7.org/fhir/StructureDefinition/implementationguide-page","valueUri":"StructureDefinition-extension-submitDataUpdateType.html"}],"reference":{"reference":"StructureDefinition/extension-submitDataUpdateType"},"name":"DEQM Submit Data Update Type Extension","description":"This Extension supports the concepts 'incremental' and 'snapshot'. The DEQM Consumer Server **SHALL** use this Extension to advertise whether it supports [snapshot](index.html#incremental-update) or [incremental](index.html#snapshot-update) updates for the [DEQM Submit Data transaction](datax.html#submit-data). The DEQM Producer **SHALL** use this Extension to indicate whether the payload is a snapshot or incremental update for Submit Data transactiosn.","exampleBoolean":false,"groupingId":"_str_extension"},{"extension":[{"url":"http://hl7.org/fhir/StructureDefinition/implementationguide-page","valueUri":"StructureDefinition-patientlistquestionnaire.html"}],"reference":{"reference":"StructureDefinition/patientlistquestionnaire"},"name":"Argonaut Patient List Questionnaire","description":"A reference to a form definition that is bound to certain types of lists and defines each column for the purpose of providing additional data for each member","exampleBoolean":false,"groupingId":"_str_extension"},{"extension":[{"url":"http://hl7.org/fhir/StructureDefinition/implementationguide-page","valueUri":"StructureDefinition-patientlistquestionnaireresponse.html"}],"reference":{"reference":"StructureDefinition/patientlistquestionnaireresponse"},"name":"Argonaut Patient List QuestionnaireResponse","description":"A reference to a QuestionnaireResponse of prepopulated data based on a Patient List Questionnaire that is bound to certain types of lists and provides additional data for a Group.member","exampleBoolean":false,"groupingId":"_str_extension"},{"extension":[{"url":"http://hl7.org/fhir/StructureDefinition/implementationguide-page","valueUri":"StructureDefinition-resourcedescription.html"}],"reference":{"reference":"StructureDefinition/resourcedescription"},"name":"Resource Description","description":"A markdown text natural language description of the resource instance and its use\n\n*Note: The Primary intent of this extension is to illustrate to readers how the implementation guide examples are intended to be used. Production systems SHOULD NOT use this extension.*\n","exampleBoolean":false,"groupingId":"_str_extension"},{"extension":[{"url":"http://hl7.org/fhir/StructureDefinition/implementationguide-page","valueUri":"StructureDefinition-resourcename.html"}],"reference":{"reference":"StructureDefinition/resourcename"},"name":"Resource Name","description":"A natural language description of the resource instance\n\n*Note: The Primary intent of this extension is to provide natural language names for implementation guide examples. Production systems SHOULD NOT use this extension.*\n","exampleBoolean":false,"groupingId":"_str_extension"},{"extension":[{"url":"http://hl7.org/fhir/StructureDefinition/implementationguide-page","valueUri":"StructureDefinition-resourcenameanddescription.html"}],"reference":{"reference":"StructureDefinition/resourcenameanddescription"},"name":"Resource Name And Description","description":"A natural language name of the resource instance and a markdown text natural language description of the resource instance and its use\n\n*Note: The Primary intent of this extension is to provide natural language names for and to illustrate to readers how the implementation guide examples are intended to be used. Production systems SHOULD NOT use this extension.*\n","exampleBoolean":false,"groupingId":"_str_extension"},{"extension":[{"url":"http://hl7.org/fhir/StructureDefinition/implementationguide-page","valueUri":"ValueSet-argo-group-characteristic.html"}],"reference":{"reference":"ValueSet/argo-group-characteristic"},"name":"Argonaut Group Characteristic Value Set","description":"Used to define group characteristic and limited to 'location'|....","exampleBoolean":false,"groupingId":"_term_valueset"},{"extension":[{"url":"http://hl7.org/fhir/StructureDefinition/implementationguide-page","valueUri":"ValueSet-update-type.html"}],"reference":{"reference":"ValueSet/update-type"},"name":"DEQM Update Type Value Set","description":"Concepts for how a DEQM Consumer supports data exchange updates. The choices are snapshot or incremental updates","exampleBoolean":false,"groupingId":"_term_valueset"},{"extension":[{"url":"http://hl7.org/fhir/StructureDefinition/implementationguide-page","valueUri":"CodeSystem-argo-group-characteristic.html"}],"reference":{"reference":"CodeSystem/argo-group-characteristic"},"name":"Argonaut Group Characteristic Code System","description":"Used to define group characteristic and limited to 'location'| 'team' | 'organization' | 'practitioner'","exampleBoolean":false,"groupingId":"_term_codesystem"},{"extension":[{"url":"http://hl7.org/fhir/StructureDefinition/implementationguide-page","valueUri":"CodeSystem-update-type.html"}],"reference":{"reference":"CodeSystem/update-type"},"name":"DEQM Update Type Code System","description":"Concepts for how a DEQM Consumer supports data exchange updates. The choices are snapshot or incremental updates","exampleBoolean":false,"groupingId":"_term_codesystem"},{"extension":[{"url":"http://hl7.org/fhir/StructureDefinition/implementationguide-page","valueUri":"SearchParameter-Group-value-reference.html"}],"reference":{"reference":"SearchParameter/Group-value-reference"},"name":"GroupValueReference","description":"Reference value held by characteristic","exampleBoolean":false,"groupingId":"_dyn_searchparameter"},{"extension":[{"url":"http://hl7.org/fhir/StructureDefinition/implementationguide-page","valueUri":"StructureDefinition-argo-patientlist2.html"}],"reference":{"reference":"StructureDefinition/argo-patientlist2"},"name":"Argonaut Patient List (Group) Profile","description":"Profile on the R4 Group resource to for [Argonaut Patient List Project](https://confluence.hl7.org/display/AP/Argonaut+Project+Home).  Note that the [Group](http://hl7.org/fhir/group.html) resource is used for this patient **list** use case even though there is also a FHIR List resource","exampleBoolean":false,"groupingId":"_str_profile"}],"page":{"nameUrl":"toc.html","title":"Table of Contents","generation":"html","page":[{"nameUrl":"index.html","title":"Home","generation":"markdown"},{"nameUrl":"downloads.html","title":"Downloads","generation":"markdown"},{"nameUrl":"guidance.html","title":"Guidance","generation":"markdown"},{"nameUrl":"artifacts.html","title":"Artifacts Summary","generation":"html","page":[{"nameUrl":"SearchParameter-Group-value-reference.html","title":"GroupValueReference","generation":"generated"},{"nameUrl":"StructureDefinition-argo-patientlist.html","title":"Argonaut Patient List (Group) Profile","generation":"generated"},{"nameUrl":"StructureDefinition-argo-patientlist2.html","title":"Argonaut Patient List (Group) Profile","generation":"generated"},{"nameUrl":"StructureDefinition-extension-measureScoring.html","title":"DEQM Measure Scoring Extension","generation":"generated"},{"nameUrl":"StructureDefinition-extension-submitDataUpdateType.html","title":"DEQM Submit Data Update Type Extension","generation":"generated"},{"nameUrl":"StructureDefinition-patientlistquestionnaire.html","title":"Argonaut Patient List Questionnaire","generation":"generated"},{"nameUrl":"StructureDefinition-patientlistquestionnaireresponse.html","title":"Argonaut Patient List QuestionnaireResponse","generation":"generated"},{"nameUrl":"StructureDefinition-resourcedescription.html","title":"Resource Description","generation":"generated"},{"nameUrl":"StructureDefinition-resourcename.html","title":"Resource Name","generation":"generated"},{"nameUrl":"StructureDefinition-resourcenameanddescription.html","title":"Resource Name And Description","generation":"generated"},{"nameUrl":"ValueSet-argo-group-characteristic.html","title":"Argonaut Group Characteristic Value Set","generation":"generated"},{"nameUrl":"ValueSet-update-type.html","title":"DEQM Update Type Value Set","generation":"generated"},{"nameUrl":"CodeSystem-argo-group-characteristic.html","title":"Argonaut Group Characteristic Code System","generation":"generated"},{"nameUrl":"CodeSystem-update-type.html","title":"DEQM Update Type Code System","generation":"generated"}]}]},"parameter":[{"code":"path-resource","value":"input/resources"},{"code":"path-resource","value":"fsh-generated/resources"},{"code":"path-pages","value":"input/pagecontent"},{"code":"path-pages","value":"fsh-generated/includes"},{"code":"path-resource","value":"input/capabilities"},{"code":"path-resource","value":"input/examples"},{"code":"path-resource","value":"input/extensions"},{"code":"path-resource","value":"input/models"},{"code":"path-resource","value":"input/operations"},{"code":"path-resource","value":"input/profiles"},{"code":"path-resource","value":"input/vocabulary"},{"code":"path-resource","value":"input/testing"},{"code":"path-resource","value":"input/history"},{"code":"path-pages","value":"template/config"},{"code":"path-pages","value":"input/images"},{"code":"path-tx-cache","value":"input-cache/txcache"}]}}