{"resourceType":"OperationDefinition","id":"request-attachment","text":{"status":"extensions","div":"<div xmlns=\"http://www.w3.org/1999/xhtml\"><h2>RequestAttachment</h2><p>OPERATION: RequestAttachment</p><p>The official URL for this operation definition is: </p><pre>http://hl7.org/fhir/us/davinci-cdex/OperationDefinition/request-attachment</pre><p>URL: [base]/$submit-attachment</p><p>Parameters</p><table class=\"grid\"><tr><td><b>Use</b></td><td><b>Name</b></td><td><b>Cardinality</b></td><td><b>Type</b></td><td><b>Binding</b></td><td><b>Documentation</b></td></tr><tr><td>IN</td><td>PayerId</td><td>0..1</td><td><a href=\"http://hl7.org/fhir/R4/datatypes.html#Identifier\">Identifier</a></td><td/><td><div><p>The receiving payer identifier. Some endpoints may support multiple payers.  Therefore, this identifier may be required when submitting attachments.</p>\n</div></td></tr><tr><td>IN</td><td>PayerUrl</td><td>0..1</td><td><a href=\"http://hl7.org/fhir/R4/datatypes.html#url\">url</a></td><td/><td><div><p>The receiving payer url. &gt;&gt;&gt;THE OPERATION OUTPUT ENDPOINT&lt;&lt;&lt;</p>\n</div></td></tr><tr><td>IN</td><td>OrganizationId</td><td>1..1</td><td><a href=\"http://hl7.org/fhir/R4/datatypes.html#Identifier\">Identifier</a></td><td/><td><div><p>Sending organization/location identifier (e.g., NPI)</p>\n</div></td></tr><tr><td>IN</td><td>ProviderId</td><td>1..1</td><td><a href=\"http://hl7.org/fhir/R4/datatypes.html#Identifier\">Identifier</a></td><td/><td><div><p>Sending provider identifier (e.g., NPI)</p>\n</div></td></tr><tr><td>IN</td><td>MemberId</td><td>1..1</td><td><a href=\"http://hl7.org/fhir/R4/datatypes.html#Identifier\">Identifier</a></td><td/><td><div><p>Patient member identifier</p>\n</div></td></tr><tr><td>IN</td><td>ServiceDate</td><td>0..1</td><td><a href=\"http://hl7.org/fhir/R4/datatypes.html#date\">date</a></td><td/><td><div><p>Date of service or starting date of the service for the claim or prior authorization.  This parameter <strong>SHALL</strong> be present and precise to the day if the attachment is for a claim.  It is optional if the attachment is for a prior authorization.</p>\n</div></td></tr><tr><td>IN</td><td>ClaimId</td><td>0..1</td><td><a href=\"http://hl7.org/fhir/R4/datatypes.html#string\">string</a></td><td/><td><div><p>Claim Identifier. Either ClaimId or PreAuthId <strong>SHALL</strong> be present.</p>\n</div></td></tr><tr><td>IN</td><td>PreAuthId</td><td>0..1</td><td><a href=\"http://hl7.org/fhir/R4/datatypes.html#string\">string</a></td><td/><td><div><p>Prior authorization identifier. Either ClaimId or PreAuthId <strong>SHALL</strong> be present.</p>\n</div></td></tr><tr><td>IN</td><td>TrackingId</td><td>1..1</td><td><a href=\"http://hl7.org/fhir/R4/datatypes.html#string\">string</a></td><td/><td><div><p>Claim/prior authorization identifier value referred to as the &quot;re-association tracking control numbers&quot;*</p>\n</div></td></tr><tr><td>IN</td><td>Attachment</td><td>0..*</td><td></td><td/><td><div><p>The attachments being requested for a Claim or Prior Authorization are applied to the ItemId (line items) and/or LOINC parameters if present.  If no ItemId is present, then the attachment is applied to the entire claim or prior authorization.</p>\n</div></td></tr><tr><td>IN</td><td>Attachment.ItemId</td><td>0..*</td><td><a href=\"http://hl7.org/fhir/R4/datatypes.html#string\">string</a></td><td/><td><div><p>Claim/prior authorization identifier that uniquely reference a line item in the context of the claim or prior authorization.</p>\n</div></td></tr><tr><td>IN</td><td>Attachment.code</td><td>0..*</td><td><a href=\"http://hl7.org/fhir/R4/datatypes.html#CodeableConcept\">CodeableConcept</a></td><td>http://hl7.org/fhir/us/core/ValueSet/us-core-documentreference-type (Extensible)</td><td><div><p>LOINC code to identify the specific kind of information being communicated (e.g., a discharge summary or diagnostic imaging report).  The <code>text</code> element can be used for free text request (e.g., &quot;proof that patient underwent counseling&quot;).</p>\n</div></td></tr><tr><td>OUT</td><td>PayerId</td><td>0..1</td><td><a href=\"http://hl7.org/fhir/R4/datatypes.html#Identifier\">Identifier</a></td><td/><td><div><p>see above</p>\n</div></td></tr><tr><td>OUT</td><td>OrganizationId</td><td>1..1</td><td><a href=\"http://hl7.org/fhir/R4/datatypes.html#Identifier\">Identifier</a></td><td/><td><div><p>see above</p>\n</div></td></tr><tr><td>OUT</td><td>ProviderId</td><td>1..1</td><td><a href=\"http://hl7.org/fhir/R4/datatypes.html#Identifier\">Identifier</a></td><td/><td><div><p>see above</p>\n</div></td></tr><tr><td>OUT</td><td>MemberId</td><td>1..1</td><td><a href=\"http://hl7.org/fhir/R4/datatypes.html#Identifier\">Identifier</a></td><td/><td><div><p>see above</p>\n</div></td></tr><tr><td>OUT</td><td>ServiceDate</td><td>0..1</td><td><a href=\"http://hl7.org/fhir/R4/datatypes.html#date\">date</a></td><td/><td><div><p>see above</p>\n</div></td></tr><tr><td>OUT</td><td>TrackingId</td><td>1..1</td><td><a href=\"http://hl7.org/fhir/R4/datatypes.html#string\">string</a></td><td/><td><div><p>see above</p>\n</div></td></tr><tr><td>OUT</td><td>Attachment</td><td>0..*</td><td></td><td/><td><div><p>The attachments being communicated for a Claim or Prior Authorization. They are applied to the ItemId (line items) and/or LOINC parameters if present.  If no ItemId is present, then the attachment is applied to the entire claim or prior authorization.</p>\n</div></td></tr><tr><td>OUT</td><td>Attachment.ItemId</td><td>0..*</td><td><a href=\"http://hl7.org/fhir/R4/datatypes.html#string\">string</a></td><td/><td><div><p>Claim/prior authorization identifier that uniquely reference a line item in the context of the claim or prior authorization. For a <em>solicited</em> Claim or Prior Authorization attachment, this value should be the same as the line items communicated in the request.</p>\n</div></td></tr><tr><td>OUT</td><td>Attachment.code</td><td>0..*</td><td><a href=\"http://hl7.org/fhir/R4/datatypes.html#CodeableConcept\">CodeableConcept</a></td><td>http://hl7.org/fhir/us/core/ValueSet/us-core-documentreference-type (Extensible)</td><td><div><p>LOINC code or free text to identify the specific kind of information being communicated (e.g., a discharge summary or diagnostic imaging report).  For a <em>solicited</em> Claim or Prior Authorization attachment, this value should be the same as the LOINC or free text communicated in the request.</p>\n</div></td></tr><tr><td>OUT</td><td>Attachment.content</td><td>1..*</td><td><a href=\"http://hl7.org/fhir/R4/resource.html\">Resource</a></td><td/><td><div><p>Attachments as FHIR resources.  Non-FHIR attachments data is conveyed using the DocumentReference or Binary resource. Servers <strong>SHALL</strong> support  DocumentReference resource type and <strong>SHOULD</strong> support other types.</p>\n</div></td></tr></table></div>"},"url":"http://hl7.org/fhir/us/davinci-cdex/OperationDefinition/request-attachment","version":"0.1.0","name":"RequestAttachment","title":"Request Attachment Operation","status":"draft","kind":"operation","date":"2022-06-09","publisher":"Health eData Inc","contact":[{"telecom":[{"system":"email","value":"mailto:ehaas@healthedatainc.com"}]}],"code":"submit-attachment","resource":["Claim"],"system":true,"type":false,"instance":false,"parameter":[{"name":"PayerId","use":"in","min":0,"max":"1","documentation":"The receiving payer identifier. Some endpoints may support multiple payers.  Therefore, this identifier may be required when submitting attachments.","type":"Identifier"},{"name":"PayerUrl","use":"in","min":0,"max":"1","documentation":"The receiving payer url. >>>THE OPERATION OUTPUT ENDPOINT<<<","type":"url"},{"name":"OrganizationId","use":"in","min":1,"max":"1","documentation":"Sending organization/location identifier (e.g., NPI)","type":"Identifier"},{"name":"ProviderId","use":"in","min":1,"max":"1","documentation":"Sending provider identifier (e.g., NPI)","type":"Identifier"},{"name":"MemberId","use":"in","min":1,"max":"1","documentation":"Patient member identifier","type":"Identifier"},{"name":"ServiceDate","use":"in","min":0,"max":"1","documentation":"Date of service or starting date of the service for the claim or prior authorization.  This parameter **SHALL** be present and precise to the day if the attachment is for a claim.  It is optional if the attachment is for a prior authorization.","type":"date"},{"name":"ClaimId","use":"in","min":0,"max":"1","documentation":"Claim Identifier. Either ClaimId or PreAuthId **SHALL** be present.","type":"string"},{"name":"PreAuthId","use":"in","min":0,"max":"1","documentation":"Prior authorization identifier. Either ClaimId or PreAuthId **SHALL** be present.","type":"string"},{"name":"TrackingId","use":"in","min":1,"max":"1","documentation":"Claim/prior authorization identifier value referred to as the \"re-association tracking control numbers\"*","type":"string"},{"name":"Attachment","use":"in","min":0,"max":"*","documentation":"The attachments being requested for a Claim or Prior Authorization are applied to the ItemId (line items) and/or LOINC parameters if present.  If no ItemId is present, then the attachment is applied to the entire claim or prior authorization.","part":[{"name":"ItemId","use":"in","min":0,"max":"*","documentation":"Claim/prior authorization identifier that uniquely reference a line item in the context of the claim or prior authorization.","type":"string"},{"name":"code","use":"in","min":0,"max":"*","documentation":"LOINC code to identify the specific kind of information being communicated (e.g., a discharge summary or diagnostic imaging report).  The `text` element can be used for free text request (e.g., \"proof that patient underwent counseling\").","type":"CodeableConcept","binding":{"strength":"extensible","valueSet":"http://hl7.org/fhir/us/core/ValueSet/us-core-documentreference-type"}}]},{"name":"PayerId","use":"out","min":0,"max":"1","documentation":"see above","type":"Identifier"},{"name":"OrganizationId","use":"out","min":1,"max":"1","documentation":"see above","type":"Identifier"},{"name":"ProviderId","use":"out","min":1,"max":"1","documentation":"see above","type":"Identifier"},{"name":"MemberId","use":"out","min":1,"max":"1","documentation":"see above","type":"Identifier"},{"name":"ServiceDate","use":"out","min":0,"max":"1","documentation":"see above","type":"date"},{"name":"TrackingId","use":"out","min":1,"max":"1","documentation":"see above","type":"string"},{"name":"Attachment","use":"out","min":0,"max":"*","documentation":"The attachments being communicated for a Claim or Prior Authorization. They are applied to the ItemId (line items) and/or LOINC parameters if present.  If no ItemId is present, then the attachment is applied to the entire claim or prior authorization.","part":[{"name":"ItemId","use":"out","min":0,"max":"*","documentation":"Claim/prior authorization identifier that uniquely reference a line item in the context of the claim or prior authorization. For a *solicited* Claim or Prior Authorization attachment, this value should be the same as the line items communicated in the request.","type":"string"},{"name":"code","use":"out","min":0,"max":"*","documentation":"LOINC code or free text to identify the specific kind of information being communicated (e.g., a discharge summary or diagnostic imaging report).  For a *solicited* Claim or Prior Authorization attachment, this value should be the same as the LOINC or free text communicated in the request.","type":"CodeableConcept","binding":{"strength":"extensible","valueSet":"http://hl7.org/fhir/us/core/ValueSet/us-core-documentreference-type"}},{"name":"content","use":"out","min":1,"max":"*","documentation":"Attachments as FHIR resources.  Non-FHIR attachments data is conveyed using the DocumentReference or Binary resource. Servers **SHALL** support  DocumentReference resource type and **SHOULD** support other types.","type":"Resource"}]}]}