{"resourceType":"SearchParameter","id":"Group-value-reference","url":"http://www.fhir.org/guides/healthedata1-sandbox/SearchParameter/Group-value-reference","version":"0.1.0","name":"GroupValueReference","status":"draft","experimental":false,"date":"2020-09-02","publisher":"Health eData Inc","contact":[{"telecom":[{"system":"email","value":"mailto:ehaas@healthedatainc.com"}]}],"description":"Reference value held by characteristic","code":"value-reference","base":["Group"],"type":"reference","expression":"Group.characteristic.value as Reference","xpath":"f:Group/f:characteristic/f:valueReference","xpathUsage":"normal"}