{"resourceType":"ValueSet","id":"us-core-pregnancy-status-observation-codes","text":{"status":"generated","div":"<div xmlns=\"http://www.w3.org/1999/xhtml\"><ul><li>Include these codes as defined in <a href=\"http://loinc.org\"><code>http://loinc.org</code></a><table class=\"none\"><tr><td style=\"white-space:nowrap\"><b>Code</b></td><td><b>Display</b></td></tr><tr><td><a href=\"http://details.loinc.org/LOINC/82810-3.html\">82810-3</a></td><td>Pregnancy status</td></tr></table></li></ul></div>"},"url":"http://hl7.org/fhir/us/core/ValueSet/us-core-pregnancy-status-observation-codes","version":"0.1.0","name":"USCorePregnancyStatusObservationCodes","title":"US Core Pregnancy Status Observation Codes","status":"active","date":"2022-08-24","publisher":"Health eData Inc","contact":[{"telecom":[{"system":"email","value":"mailto:ehaas@healthedatainc.com"}]}],"description":"The US Core Pregnancy Status Observation Codes Value Set is a 'starter set' of concepts to capture pregnancy status.","copyright":"This material contains content from LOINC (http://loinc.org). LOINC is copyright © 1995-2020, Regenstrief Institute, Inc. and the Logical Observation Identifiers Names and Codes (LOINC) Committee and is available at no cost under the license at http://loinc.org/license. LOINC® is a registered United States trademark of Regenstrief Institute, Inc","compose":{"include":[{"system":"http://loinc.org","concept":[{"code":"82810-3","display":"Pregnancy status"}]}]}}