{"resourceType":"ValueSet","id":"cdex-attachment-codes","text":{"status":"generated","div":"<div xmlns=\"http://www.w3.org/1999/xhtml\"><ul><li>Include codes from <a href=\"http://loinc.org\"><code>http://loinc.org</code></a> where ValidHL7AttachmentRequest  =  Y</li></ul></div>"},"url":"http://www.fhir.org/guides/healthedata1-sandbox/ValueSet/cdex-attachment-codes","identifier":[{"system":"http://loinc.org","value":"valid-hl7-attachment-requests"},{"system":"urn:ietf:rfc:3986","value":"urn:oid:1.3.6.1.4.1.12009.10.2.6"}],"version":"0.1.0","name":"CDexAttachmentCodes","title":"CDex Attachment Codes","status":"active","experimental":false,"date":"2022-08-23T10:54:55-07:00","publisher":"Health eData Inc","contact":[{"telecom":[{"system":"email","value":"mailto:ehaas@healthedatainc.com"}]}],"description":"This value set includes LOINC terms that can be sent by a payer as part of an HL7 attachment request for additional information. This set includes 1) the preferred (generic) document codes that have clinically-relevant HL7 implementation guides, and 2) the HL7 Attachments Work Group -approved document codes that don't yet have an implementation guide.","copyright":"This material contains content from LOINC (http://loinc.org). LOINC is copyright © 1995-2022, Regenstrief Institute, Inc. and the Logical Observation Identifiers Names and Codes (LOINC) Committee and is available at no cost under the license at http://loinc.org/license. LOINC® is a registered United States trademark of Regenstrief Institute, Inc.","compose":{"include":[{"system":"http://loinc.org","filter":[{"property":"ValidHL7AttachmentRequest","op":"=","value":"Y"}]}]}}