{"resourceType":"ValueSet","id":"us-core-tags","text":{"status":"generated","div":"<div xmlns=\"http://www.w3.org/1999/xhtml\"><ul><li>Include all codes defined in <a href=\"CodeSystem-us-core-tags.html\"><code>http://hl7.org/fhir/us/core/CodeSystem/us-core-tags</code></a></li></ul></div>"},"url":"http://hl7.org/fhir/us/core/ValueSet/us-core-tags","version":"0.1.0","name":"USCoreTagsValueSet","title":"US Core Tags Value Set","status":"active","date":"2022-04-19T23:22:25-07:00","publisher":"Health eData Inc","contact":[{"telecom":[{"system":"email","value":"mailto:ehaas@healthedatainc.com"}]}],"description":"Used to tag patient submitted resources for writing and searching from EHRs","compose":{"include":[{"system":"http://hl7.org/fhir/us/core/CodeSystem/us-core-tags"}]}}