{"resourceType":"ValueSet","id":"update-type","text":{"status":"generated","div":"<div xmlns=\"http://www.w3.org/1999/xhtml\"><ul><li>Include all codes defined in <a href=\"CodeSystem-update-type.html\"><code>http://www.fhir.org/guides/sushi-sandbox/CodeSystem/update-type</code></a></li></ul></div>"},"url":"http://www.fhir.org/guides/sushi-sandbox/ValueSet/update-type","version":"0.1.0","name":"DEQMUpdateTypeValueSet","title":"DEQM Update Type Value Set","status":"active","date":"2020-10-22T13:38:06-07:00","publisher":"Health eData Inc","contact":[{"telecom":[{"system":"email","value":"mailto:ehaas@healthedatainc.com"}]}],"description":"Concepts for how a DEQM Consumer supports data exchange updates. The choices are snapshot or incremental updates","compose":{"include":[{"system":"http://www.fhir.org/guides/sushi-sandbox/CodeSystem/update-type"}]}}