{"resourceType":"ValueSet","id":"us-core-imaging-codes","text":{"status":"generated","div":"<div xmlns=\"http://www.w3.org/1999/xhtml\"><ul><li>Include codes from <a href=\"http://loinc.org\"><code>http://loinc.org</code></a> where CLASS  =  RAD</li></ul></div>"},"url":"http://www.fhir.org/guides/healthedata1-sandbox//ValueSet/us-core-imaging-codes","version":"0.1.0","name":"USCoreImagingCodes","title":"US Core Imaging Codes","status":"active","date":"2022-04-11","publisher":"Health eData Inc","contact":[{"telecom":[{"system":"email","value":"mailto:ehaas@healthedatainc.com"}]}],"description":"This value set includes all LOINC values whose CLASS is \"RAD\" in the LOINC database (Refer to [Appendix A](https://loinc.org/kb/users-guide/loinc-database-structure/) of LOINC Users' Guide)","copyright":"This material contains content from LOINC (http://loinc.org). LOINC is copyright © 1995-2020, Regenstrief Institute, Inc. and the Logical Observation Identifiers Names and Codes (LOINC) Committee and is available at no cost under the license at http://loinc.org/license. LOINC® is a registered United States trademark of Regenstrief Institute, Inc","compose":{"include":[{"system":"http://loinc.org","filter":[{"property":"CLASS","op":"=","value":"RAD"}]}]}}