<?xml version="1.0" encoding="UTF-8"?>

<Patient xmlns="http://hl7.org/fhir">
  <id value="example-targeted-provenance"/>
  <meta>
    <extension url="http://hl7.org/fhir/StructureDefinition/instance-name">
      <valueString value="Targeted Provenance Patient Example"/>
    </extension>
    <extension url="http://hl7.org/fhir/StructureDefinition/instance-description">
      <valueMarkdown value="This is a patient example for the *US Core Patient Profile* to demonstrate how Provenance can be used to document the source of individual elements such as Race and Ethnicity (R/E), gender identity."/>
    </extension>
    <profile value="http://hl7.org/fhir/us/core/StructureDefinition/us-core-patient|0.1.0"/>
  </meta>
  <text>
    <status value="extensions"/><div xmlns="http://www.w3.org/1999/xhtml">

  <p>
    <strong>resourceType:</strong>
    </p>
  <p>
    <strong>id:</strong>
    example-targeted-provenance</p>

</div>
  </text>
  <extension id="race" url="http://hl7.org/fhir/us/core/StructureDefinition/us-core-race">
    <extension url="ombCategory">
      <valueCoding>
        <system value="urn:oid:2.16.840.1.113883.6.238"/>
        <code value="2106-3"/>
        <display value="White"/>
      </valueCoding>
    </extension>
    <extension url="text">
      <valueString value="Mixed"/>
    </extension>
  </extension>
  <extension id="ethnicity" url="http://hl7.org/fhir/us/core/StructureDefinition/us-core-ethnicity">
    <extension url="ombCategory">
      <valueCoding>
        <system value="urn:oid:2.16.840.1.113883.6.238"/>
        <code value="2135-2"/>
        <display value="Hispanic or Latino"/>
      </valueCoding>
    </extension>
    <extension url="text">
      <valueString value="Hispanic or Latino"/>
    </extension>
  </extension>
  <extension id="birthsex" url="http://hl7.org/fhir/us/core/StructureDefinition/us-core-birthsex">
    <valueCode value="F"/>
  </extension>
  <extension id="genderIdentity" url="http://hl7.org/fhir/us/core/StructureDefinition/us-core-genderIdentity">
    <extension url="value">
      <valueCodeableConcept>
        <coding>
          <system value="http://terminology.hl7.org/CodeSystem/v3-NullFlavor"/>
          <code value="UNK"/>
        </coding>
      </valueCodeableConcept>
    </extension>
  </extension>
  <identifier>
    <system value="http://hospital.smarthealthit.org"/>
    <value value="1032702"/>
  </identifier>
  <active value="true"/>
  <name>
    <family value="Shaw"/>
    <given value="Amy"/>
    <given value="V."/>
  </name>
  <telecom>
    <system value="phone"/>
    <value value="555-555-5555"/>
  </telecom>
  <gender value="female">
    <id value="gender"/>
  </gender>
  <birthDate value="1987-02-20"/>
  <address>
    <line value="183 Mountain View St"/>
    <city value="Mounds"/>
    <state value="OK"/>
  </address>
</Patient>