<?xml version="1.0" encoding="UTF-8"?>

<CodeSystem xmlns="http://hl7.org/fhir">
  <id value="us-core-tags"/>
  <text>
    <status value="generated"/><div xmlns="http://www.w3.org/1999/xhtml"><p>This code system http://hl7.org/fhir/us/core/CodeSystem/us-core-tags defines the following codes:</p><table class="codes"><tr><td style="white-space:nowrap"><b>Code</b></td><td><b>Display</b></td><td><b>Definition</b></td></tr><tr><td style="white-space:nowrap">sdoh<a name="us-core-tags-sdoh"> </a></td><td>SDOH</td><td>Structured Determinants of Health Category</td></tr></table></div>
  </text>
  <url value="http://hl7.org/fhir/us/core/CodeSystem/us-core-tags"/>
  <version value="0.1.0"/>
  <name value="USCoreTags"/>
  <title value="US Core Tags"/>
  <status value="active"/>
  <date value="2022-04-15T09:15:52-07:00"/>
  <publisher value="Health eData Inc"/>
  <contact>
    <telecom>
      <system value="email"/>
      <value value="mailto:ehaas@healthedatainc.com"/>
    </telecom>
  </contact>
  <description value="Tags code used in US Core `meta.tag` profiles. The are typically used when there is a need for categorization or workflow hints."/>
  <caseSensitive value="true"/>
  <content value="complete"/>
  <count value="1"/>
  <concept>
    <code value="sdoh"/>
    <display value="SDOH"/>
    <definition value="Structured Determinants of Health Category"/>
  </concept>
</CodeSystem>