<?xml version="1.0" encoding="UTF-8"?>

<List xmlns="http://hl7.org/fhir">
  <id value="current-allergies"/>
  <text>
    <status value="generated"/><div xmlns="http://www.w3.org/1999/xhtml"><h2>Current Allergy List</h2><table class="clstu"><tr><td>Date: Jul 14, 2015, 5:10:23 AMMode: workingStatus: currentCode: Current Allergy List</td></tr><tr><td>Source: (null)Order: Sorted by Item Date</td></tr></table><table class="grid"><tr style="backgound-color: #eeeeee"><td><b>Items</b></td></tr><tr><td>AllergyIntolerance/example</td></tr><tr><td>AllergyIntolerance/medication</td></tr></table></div>
  </text>
  <extension url="http://hl7.org/fhir/StructureDefinition/list-for">
    <valueReference>
      <reference value="Patient/example"/>
      <display value="Dr Adam Careful"/>
    </valueReference>
  </extension>
  <extension url="http://hl7.org/fhir/build/StructureDefinition/description">
    <valueString value="Example of current allergies list and the *List For* extension"/>
  </extension>
  <extension url="http://hl7.org/fhir/build/StructureDefinition/title">
    <valueString value="list-example-allergies"/>
  </extension>
<!--  <text>
    <status value="generated"/>
    <div xmlns="http://www.w3.org/1999/xhtml">
      <p>Patient Peter Chalmers, DOB = Dec 25, 1974, MRN = 12345 (Acme Healthcare) has the following allergies</p>
      <ul>
        <li>cashew nut allergenic extract Injectable Product (<b>High</b>)</li>
        <li>Allergenic extract, penicillin (high)</li>
      </ul>
    </div>
  </text>  -->
  <status value="current"/>
  <mode value="working"/>
  <title value="Current Allergy List"/>
  <code>
    <coding>
      <system value="http://loinc.org"/>
      <code value="52472-8"/>
      <display value="Allergies and Adverse Drug Reactions"/>
    </coding>
    <text value="Current Allergy List"/>
  </code>
  <date value="2015-07-14T23:10:23+11:00"/>
  <source>
    <reference value="Patient/example"/>
  </source>
  <orderedBy>
    <coding>
      <system value="http://terminology.hl7.org/CodeSystem/list-order"/>
      <code value="entry-date"/>
    </coding>
  </orderedBy>
  <entry>
    <item>
      <reference value="AllergyIntolerance/example"/>
    </item>
  </entry>
  <entry>
    <item>
      <reference value="AllergyIntolerance/medication"/>
    </item>
  </entry>
</List>