<?xml version="1.0" encoding="UTF-8"?>

<Observation xmlns="http://hl7.org/fhir">
  <id value="PRAPARE-item-example-93038-8"/>
  <meta>
    <extension url="http://hl7.org/fhir/StructureDefinition/instance-name">
      <valueString value="Prapare Item Example 93038-8"/>
    </extension>
    <extension url="http://hl7.org/fhir/StructureDefinition/instance-description">
      <valueMarkdown value="This is a Prapare Item Example 93038-8 (Stress is when someone feels tense, nervous, anxious or can't sleep at night because their mind is troubled. How stressed are you?) for the *US Core Screening Response Observation Profile*"/>
    </extension>
    <profile value="http://www.fhir.org/guides/healthedata1-sandbox/StructureDefinition/us-core-observation-sdoh-assessment"/>
  </meta>
  <text>
    <status value="generated"/><div xmlns="http://www.w3.org/1999/xhtml"><p><b>Generated Narrative</b></p><div style="display: inline-block; background-color: #d9e0e7; padding: 6px; margin: 4px; border: 1px solid #8da1b4; border-radius: 5px; line-height: 60%"><p style="margin-bottom: 0px">Resource "PRAPARE-item-example-93038-8" </p><p style="margin-bottom: 0px">Profile: <a href="StructureDefinition-us-core-observation-sdoh-assessment.html">US Core Observation SDOH Assessment Profile</a></p></div><p><b>status</b>: final</p><p><b>category</b>: SocialDeterminantsOfHealth <span style="background: LightGoldenRodYellow; margin: 4px; border: 1px solid khaki"> (<a href="https://loinc.org/">LOINC</a>#LG41762-2)</span>, Survey <span style="background: LightGoldenRodYellow; margin: 4px; border: 1px solid khaki"> (<a href="http://terminology.hl7.org/3.1.0/CodeSystem-observation-category.html">Observation Category Codes</a>#survey)</span></p><p><b>code</b>: Stress is when someone feels tense, nervous, anxious or can't sleep at night because their mind is troubled. How stressed are you? <span style="background: LightGoldenRodYellow; margin: 4px; border: 1px solid khaki"> (<a href="https://loinc.org/">LOINC</a>#93038-8)</span></p><p><b>subject</b>: <a href="Patient/example">Patient/example</a></p><p><b>effective</b>: 2022-03-28 06:30:40-0700</p><p><b>performer</b>: <a href="Patient/example">Patient/example</a></p><p><b>value</b>: Somewhat <span style="background: LightGoldenRodYellow; margin: 4px; border: 1px solid khaki"> (<a href="https://loinc.org/">LOINC</a>#LA13909-9)</span></p><p><b>derivedFrom</b>: <a href="QuestionnaireResponse-PRAPARE-example.html">QuestionnaireResponse/PRAPARE-example: US Core QuestionnaireResponse PRAPARE Example</a></p></div>
  </text>
  <status value="final"/>
  <category>
    <coding>
      <system value="http://loinc.org"/>
      <code value="LG41762-2"/>
      <display value="SocialDeterminantsOfHealth"/>
    </coding>
  </category>
  <category>
    <coding>
      <system value="http://terminology.hl7.org/CodeSystem/observation-category"/>
      <code value="survey"/>
      <display value="Survey"/>
    </coding>
  </category>
  <code>
    <coding>
      <system value="http://loinc.org"/>
      <code value="93038-8"/>
      <display value="Stress is when someone feels tense, nervous, anxious or can't sleep at night because their mind is troubled. How stressed are you?"/>
    </coding>
    <text value="Stress is when someone feels tense, nervous, anxious or can't sleep at night because their mind is troubled. How stressed are you?"/>
  </code>
  <subject>
    <reference value="Patient/example"/>
  </subject>
  <effectiveDateTime value="2022-03-28T18:30:40-07:00"/>
  <performer>
    <reference value="Patient/example"/>
  </performer>
  <valueCodeableConcept>
    <coding>
      <system value="http://loinc.org"/>
      <code value="LA13909-9"/>
      <display value="Somewhat"/>
    </coding>
    <text value="Somewhat"/>
  </valueCodeableConcept>
  <derivedFrom>
    <reference value="QuestionnaireResponse/PRAPARE-example"/>
    <display value="US Core QuestionnaireResponse PRAPARE Example"/>
  </derivedFrom>
</Observation>