<?xml version="1.0" encoding="UTF-8"?>

<Observation xmlns="http://hl7.org/fhir">
  <id value="HVS-panel-example-88121-9"/>
  <meta>
    <extension url="http://hl7.org/fhir/StructureDefinition/instance-name">
      <valueString value="Hvs Panel Example 88121-9"/>
    </extension>
    <extension url="http://hl7.org/fhir/StructureDefinition/instance-description">
      <valueMarkdown value="This is a Hvs Panel Example 88121-9 (Hunger Vital Sign [HVS]) for the *US Core Screening Response Observation Profile*"/>
    </extension>
    <profile value="http://www.fhir.org/guides/healthedata1-sandbox/StructureDefinition/us-core-observation-sdoh-assessment"/>
  </meta>
  <text>
    <status value="generated"/><div xmlns="http://www.w3.org/1999/xhtml"><p><b>Generated Narrative</b></p><div style="display: inline-block; background-color: #d9e0e7; padding: 6px; margin: 4px; border: 1px solid #8da1b4; border-radius: 5px; line-height: 60%"><p style="margin-bottom: 0px">Resource "HVS-panel-example-88121-9" </p><p style="margin-bottom: 0px">Profile: <a href="StructureDefinition-us-core-observation-sdoh-assessment.html">US Core Observation SDOH Assessment Profile</a></p></div><p><b>status</b>: final</p><p><b>category</b>: SocialDeterminantsOfHealth <span style="background: LightGoldenRodYellow; margin: 4px; border: 1px solid khaki"> (<a href="https://loinc.org/">LOINC</a>#LG41762-2)</span>, Survey <span style="background: LightGoldenRodYellow; margin: 4px; border: 1px solid khaki"> (<a href="http://terminology.hl7.org/3.1.0/CodeSystem-observation-category.html">Observation Category Codes</a>#survey)</span></p><p><b>code</b>: Hunger Vital Sign [HVS] <span style="background: LightGoldenRodYellow; margin: 4px; border: 1px solid khaki"> (<a href="https://loinc.org/">LOINC</a>#88121-9)</span></p><p><b>subject</b>: <a href="Patient/example">Patient/example</a></p><p><b>effective</b>: 2020-09-10 09:56:54+0000</p><p><b>performer</b>: <a href="Patient/example">Patient/example</a></p><p><b>hasMember</b>: </p><ul><li><a href="Observation-HVS-item-example-88122-7.html">Observation/HVS-item-example-88122-7</a></li><li><a href="Observation-HVS-item-example-88123-5.html">Observation/HVS-item-example-88123-5</a></li><li><a href="Observation-HVS-item-example-88124-3.html">Observation/HVS-item-example-88124-3</a></li></ul><p><b>derivedFrom</b>: <a href="QuestionnaireResponse-hunger-vital-sign-example.html">QuestionnaireResponse/hunger-vital-sign-example: US Core QuestionnaireResponse Hunger Vital Sign Example</a></p></div>
  </text>
  <status value="final"/>
  <category>
    <coding>
      <system value="http://loinc.org"/>
      <code value="LG41762-2"/>
      <display value="SocialDeterminantsOfHealth"/>
    </coding>
  </category>
  <category>
    <coding>
      <system value="http://terminology.hl7.org/CodeSystem/observation-category"/>
      <code value="survey"/>
      <display value="Survey"/>
    </coding>
  </category>
  <code>
    <coding>
      <system value="http://loinc.org"/>
      <code value="88121-9"/>
      <display value="Hunger Vital Sign [HVS]"/>
    </coding>
    <text value="Hunger Vital Sign [HVS]"/>
  </code>
  <subject>
    <reference value="Patient/example"/>
  </subject>
  <effectiveDateTime value="2020-09-10T21:56:54.671000+00:00"/>
  <performer>
    <reference value="Patient/example"/>
  </performer>
  <hasMember>
    <reference value="Observation/HVS-item-example-88122-7"/>
  </hasMember>
  <hasMember>
    <reference value="Observation/HVS-item-example-88123-5"/>
  </hasMember>
  <hasMember>
    <reference value="Observation/HVS-item-example-88124-3"/>
  </hasMember>
  <derivedFrom>
    <reference value="QuestionnaireResponse/hunger-vital-sign-example"/>
    <display value="US Core QuestionnaireResponse Hunger Vital Sign Example"/>
  </derivedFrom>
</Observation>