<?xml version="1.0" encoding="UTF-8"?>

<Observation xmlns="http://hl7.org/fhir">
  <id value="prapare-multiselect-example"/>
  <meta>
    <extension url="http://hl7.org/fhir/StructureDefinition/instance-name">
      <valueString value="Prapare Multiselect Example"/>
    </extension>
    <extension url="http://hl7.org/fhir/StructureDefinition/instance-description">
      <valueMarkdown value="This is a Prapare Multiselect Example for the *US Core Screening Response Observation Profile*."/>
    </extension>
    <profile value="http://www.fhir.org/guides/healthedata1-sandbox/StructureDefinition/us-core-observation-sdoh-assessment"/>
  </meta>
  <text>
    <status value="generated"/><div xmlns="http://www.w3.org/1999/xhtml"><p><b>Generated Narrative</b></p><div style="display: inline-block; background-color: #d9e0e7; padding: 6px; margin: 4px; border: 1px solid #8da1b4; border-radius: 5px; line-height: 60%"><p style="margin-bottom: 0px">Resource "prapare-multiselect-example" </p><p style="margin-bottom: 0px">Profile: <a href="StructureDefinition-us-core-observation-sdoh-assessment.html">US Core Observation SDOH Assessment Profile</a></p></div><p><b>status</b>: final</p><p><b>category</b>: SocialDeterminantsOfHealth <span style="background: LightGoldenRodYellow; margin: 4px; border: 1px solid khaki"> (<a href="https://loinc.org/">LOINC</a>#LG41762-2)</span>, Survey <span style="background: LightGoldenRodYellow; margin: 4px; border: 1px solid khaki"> (<a href="http://terminology.hl7.org/3.1.0/CodeSystem-observation-category.html">Observation Category Codes</a>#survey)</span></p><p><b>code</b>: Have you or any family members you live with been unable to get any of the following when it was really needed in past 1 year [PRAPARE] <span style="background: LightGoldenRodYellow; margin: 4px; border: 1px solid khaki"> (<a href="https://loinc.org/">LOINC</a>#93031-3)</span></p><p><b>subject</b>: <a href="Patient/example">Patient/example</a></p><p><b>effective</b>: 2021-11-12 05:59:15-0800</p><p><b>performer</b>: <a href="Patient/example">Patient/example</a></p><p><b>hasMember</b>: </p><ul><li><a href="Observation-prapare-multiselect-example-response1.html">Observation/prapare-multiselect-example-response1: Prapare Multiselect Example Response 1</a></li><li><a href="Observation-prapare-multiselect-example-response2.html">Observation/prapare-multiselect-example-response2: Prapare Multiselect Example Response 2</a></li></ul><p><b>derivedFrom</b>: <span>: PREPARE example QuestionnaireResponse</span></p></div>
  </text>
  <status value="final"/>
  <category>
    <coding>
      <system value="http://loinc.org"/>
      <code value="LG41762-2"/>
      <display value="SocialDeterminantsOfHealth"/>
    </coding>
  </category>
  <category>
    <coding>
      <system value="http://terminology.hl7.org/CodeSystem/observation-category"/>
      <code value="survey"/>
      <display value="Survey"/>
    </coding>
  </category>
  <code>
    <coding>
      <system value="http://loinc.org"/>
      <code value="93031-3"/>
      <display value="Have you or any family members you live with been unable to get any of the following when it was really needed in past 1 year [PRAPARE]"/>
    </coding>
  </code>
  <subject>
    <reference value="Patient/example"/>
  </subject>
  <effectiveDateTime value="2021-11-12T17:59:15-08:00"/>
  <performer>
    <reference value="Patient/example"/>
  </performer>
  <hasMember>
    <reference value="Observation/prapare-multiselect-example-response1"/>
    <display value="Prapare Multiselect Example Response 1"/>
  </hasMember>
  <hasMember>
    <reference value="Observation/prapare-multiselect-example-response2"/>
    <display value="Prapare Multiselect Example Response 2"/>
  </hasMember>
  <derivedFrom>
    <display value="PREPARE example QuestionnaireResponse"/>
  </derivedFrom>
</Observation>