<?xml version="1.0" encoding="UTF-8"?>

<Observation xmlns="http://hl7.org/fhir">
  <id value="PHQ9-panel-example-44249-1"/>
  <meta>
    <extension url="http://hl7.org/fhir/StructureDefinition/instance-name">
      <valueString value="Phq9 Panel Example 44249-1"/>
    </extension>
    <extension url="http://hl7.org/fhir/StructureDefinition/instance-description">
      <valueMarkdown value="This is a Phq9 Panel Example 44249-1 (PHQ-9 quick depression assessment panel [Reported.PHQ]) for the *US Core Observation Screening Assessment Profile*"/>
    </extension>
    <profile value="http://hl7.org/fhir/us/core/StructureDefinition/us-core-observation-screening-assessment"/>
  </meta>
  <text>
    <status value="generated"/><div xmlns="http://www.w3.org/1999/xhtml"><p><b>Generated Narrative: Observation</b><a name="PHQ9-panel-example-44249-1"> </a></p><div style="display: inline-block; background-color: #d9e0e7; padding: 6px; margin: 4px; border: 1px solid #8da1b4; border-radius: 5px; line-height: 60%"><p style="margin-bottom: 0px">Resource Observation &quot;PHQ9-panel-example-44249-1&quot; </p><p style="margin-bottom: 0px">Profile: <a href="StructureDefinition-us-core-observation-screening-assessment.html">US Core Observation Screening Assessment Profile</a></p></div><p><b>status</b>: final</p><p><b>category</b>: Survey <span style="background: LightGoldenRodYellow; margin: 4px; border: 1px solid khaki"> (<a href="http://terminology.hl7.org/3.1.0/CodeSystem-observation-category.html">Observation Category Codes</a>#survey)</span>, Disability Status <span style="background: LightGoldenRodYellow; margin: 4px; border: 1px solid khaki"> (<a href="CodeSystem-us-core-category.html">US Core Category</a>#disability-status)</span></p><p><b>code</b>: PHQ-9 quick depression assessment panel [Reported.PHQ] <span style="background: LightGoldenRodYellow; margin: 4px; border: 1px solid khaki"> (<a href="https://loinc.org/">LOINC</a>#44249-1)</span></p><p><b>subject</b>: <a href="Patient-example.html">Patient/example</a></p><p><b>effective</b>: 2022-11-29 20:50:32+0000</p><p><b>performer</b>: <a href="Practitioner-practitioner-1.html">Practitioner/practitioner-1</a></p><p><b>hasMember</b>: </p><ul><li><a href="Observation-PHQ9-item-example-44250-9.html">Observation/PHQ9-item-example-44250-9</a></li><li><a href="Observation-PHQ9-item-example-44255-8.html">Observation/PHQ9-item-example-44255-8</a></li><li><a href="Observation-PHQ9-item-example-44259-0.html">Observation/PHQ9-item-example-44259-0</a></li><li><a href="Observation-PHQ9-item-example-44254-1.html">Observation/PHQ9-item-example-44254-1</a></li><li><a href="Observation-PHQ9-item-example-44251-7.html">Observation/PHQ9-item-example-44251-7</a></li><li><a href="Observation-PHQ9-item-example-44258-2.html">Observation/PHQ9-item-example-44258-2</a></li><li><a href="Observation-PHQ9-item-example-44252-5.html">Observation/PHQ9-item-example-44252-5</a></li><li><a href="Observation-PHQ9-item-example-44253-3.html">Observation/PHQ9-item-example-44253-3</a></li><li><a href="Observation-PHQ9-item-example-44260-8.html">Observation/PHQ9-item-example-44260-8</a></li><li><a href="Observation-PHQ9-item-example-44261-6.html">Observation/PHQ9-item-example-44261-6</a></li><li><a href="Observation-PHQ9-item-example-69722-7.html">Observation/PHQ9-item-example-69722-7</a></li></ul><p><b>derivedFrom</b>: <a href="QuestionnaireResponse-5774968.html">QuestionnaireResponse/5774968</a></p></div>
  </text>
  <status value="final"/>
  <category>
    <coding>
      <system value="http://terminology.hl7.org/CodeSystem/observation-category"/>
      <code value="survey"/>
      <display value="Survey"/>
    </coding>
  </category>
  <category>
    <coding>
      <system value="http://hl7.org/fhir/us/core/CodeSystem/us-core-category"/>
      <code value="disability-status"/>
      <display value="Disability Status"/>
    </coding>
  </category>
  <code>
    <coding>
      <system value="http://loinc.org"/>
      <code value="44249-1"/>
      <display value="PHQ-9 quick depression assessment panel [Reported.PHQ]"/>
    </coding>
    <text value="PHQ-9 quick depression assessment panel [Reported.PHQ]"/>
  </code>
  <subject>
    <reference value="Patient/example"/>
  </subject>
  <effectiveDateTime value="2022-11-29T20:50:32.718000+00:00"/>
  <performer>
    <reference value="Practitioner/practitioner-1"/>
  </performer>
  <hasMember>
    <reference value="Observation/PHQ9-item-example-44250-9"/>
  </hasMember>
  <hasMember>
    <reference value="Observation/PHQ9-item-example-44255-8"/>
  </hasMember>
  <hasMember>
    <reference value="Observation/PHQ9-item-example-44259-0"/>
  </hasMember>
  <hasMember>
    <reference value="Observation/PHQ9-item-example-44254-1"/>
  </hasMember>
  <hasMember>
    <reference value="Observation/PHQ9-item-example-44251-7"/>
  </hasMember>
  <hasMember>
    <reference value="Observation/PHQ9-item-example-44258-2"/>
  </hasMember>
  <hasMember>
    <reference value="Observation/PHQ9-item-example-44252-5"/>
  </hasMember>
  <hasMember>
    <reference value="Observation/PHQ9-item-example-44253-3"/>
  </hasMember>
  <hasMember>
    <reference value="Observation/PHQ9-item-example-44260-8"/>
  </hasMember>
  <hasMember>
    <reference value="Observation/PHQ9-item-example-44261-6"/>
  </hasMember>
  <hasMember>
    <reference value="Observation/PHQ9-item-example-69722-7"/>
  </hasMember>
  <derivedFrom>
    <reference value="QuestionnaireResponse/5774968"/>
  </derivedFrom>
</Observation>