<?xml version="1.0" encoding="UTF-8"?>

<ValueSet xmlns="http://hl7.org/fhir">
  <id value="update-type"/>
  <text>
    <status value="generated"/><div xmlns="http://www.w3.org/1999/xhtml"><ul><li>Include all codes defined in <a href="CodeSystem-update-type.html"><code>http://www.fhir.org/guides/sushi-sandbox/CodeSystem/update-type</code></a></li></ul></div>
  </text>
  <url value="http://www.fhir.org/guides/sushi-sandbox/ValueSet/update-type"/>
  <version value="0.1.0"/>
  <name value="DEQMUpdateTypeValueSet"/>
  <title value="DEQM Update Type Value Set"/>
  <status value="active"/>
  <date value="2020-10-19T14:27:56-07:00"/>
  <publisher value="Health eData Inc"/>
  <contact>
    <telecom>
      <system value="email"/>
      <value value="mailto:ehaas@healthedatainc.com"/>
    </telecom>
  </contact>
  <description value="Concepts for how a DEQM Consumer supports data exchange updates. The choices are snapshot or incremental updates"/>
  <compose>
    <include>
      <system value="http://www.fhir.org/guides/sushi-sandbox/CodeSystem/update-type"/>
    </include>
  </compose>
</ValueSet>