<?xml version="1.0" encoding="UTF-8"?>

<ValueSet xmlns="http://hl7.org/fhir">
  <id value="cdex-attachment-codes"/>
  <text>
    <status value="generated"/><div xmlns="http://www.w3.org/1999/xhtml"><ul><li>Include codes from <a href="http://loinc.org"><code>http://loinc.org</code></a> where ValidHL7AttachmentRequest  =  Y</li></ul></div>
  </text>
  <url value="http://www.fhir.org/guides/healthedata1-sandbox/ValueSet/cdex-attachment-codes"/>
  <identifier>
    <system value="http://loinc.org"/>
    <value value="valid-hl7-attachment-requests"/>
  </identifier>
  <identifier>
    <system value="urn:ietf:rfc:3986"/>
    <value value="urn:oid:1.3.6.1.4.1.12009.10.2.6"/>
  </identifier>
  <version value="0.1.0"/>
  <name value="CDexAttachmentCodes"/>
  <title value="CDex Attachment Codes"/>
  <status value="active"/>
  <experimental value="false"/>
  <date value="2022-08-23T10:54:55-07:00"/>
  <publisher value="Health eData Inc"/>
  <contact>
    <telecom>
      <system value="email"/>
      <value value="mailto:ehaas@healthedatainc.com"/>
    </telecom>
  </contact>
  <description value="This value set includes LOINC terms that can be sent by a payer as part of an HL7 attachment request for additional information. This set includes 1) the preferred (generic) document codes that have clinically-relevant HL7 implementation guides, and 2) the HL7 Attachments Work Group -approved document codes that don't yet have an implementation guide."/>
  <copyright value="This material contains content from LOINC (http://loinc.org). LOINC is copyright © 1995-2022, Regenstrief Institute, Inc. and the Logical Observation Identifiers Names and Codes (LOINC) Committee and is available at no cost under the license at http://loinc.org/license. LOINC® is a registered United States trademark of Regenstrief Institute, Inc."/>
  <compose>
    <include>
      <system value="http://loinc.org"/>
      <filter>
        <property value="ValidHL7AttachmentRequest"/>
        <op value="="/>
        <value value="Y"/>
      </filter>
    </include>
  </compose>
</ValueSet>