<?xml version="1.0" encoding="UTF-8"?><CodeSystem xmlns="http://hl7.org/fhir"><id value="update-type"/><text><status value="generated"/><div xmlns="http://www.w3.org/1999/xhtml"><p>This code system http://www.fhir.org/guides/sushi-sandbox/CodeSystem/update-type defines the following codes:</p><table class="codes"><tr><td style="white-space:nowrap"><b>Code</b></td><td><b>Display</b></td><td><b>Definition</b></td></tr><tr><td style="white-space:nowrap">incremental<a name="update-type-incremental"> </a></td><td>Incremental</td><td>In contrast to the Snapshot Update, the FHIR Parameters resource used in a Submit Data or the Collect Data scenario contains only the new and updated DEQM and QI Core Profiles since the last transaction. If the Consumer supports incremental updates, the contents of the updated payload updates the previous payload data.</td></tr><tr><td style="white-space:nowrap">snapshot<a name="update-type-snapshot"> </a></td><td>Snapshot</td><td>In contrast to the Incremental Update, the FHIR Parameters resource used in a Submit Data or the Collect Data scenario contains all the DEQM and QI Core Profiles for each transaction.  If the Consumer supports snapshot updates, the contents of the updated payload entirely replaces the previous payload</td></tr></table></div></text><url value="http://www.fhir.org/guides/sushi-sandbox/CodeSystem/update-type"/><version value="0.1.0"/><name value="DEQMUpdateTypeCodeSystem"/><title value="DEQM Update Type Code System"/><status value="active"/><date value="2020-09-02T12:28:23-07:00"/><publisher value="Health eData Inc"/><contact><telecom><system value="email"/><value value="mailto:ehaas@healthedatainc.com"/></telecom></contact><description value="Concepts for how a DEQM Consumer supports data exchange updates. The choices are snapshot or incremental updates"/><content value="complete"/><count value="2"/><concept><code value="incremental"/><display value="Incremental"/><definition value="In contrast to the Snapshot Update, the FHIR Parameters resource used in a Submit Data or the Collect Data scenario contains only the new and updated DEQM and QI Core Profiles since the last transaction. If the Consumer supports incremental updates, the contents of the updated payload updates the previous payload data."/></concept><concept><code value="snapshot"/><display value="Snapshot"/><definition value="In contrast to the Incremental Update, the FHIR Parameters resource used in a Submit Data or the Collect Data scenario contains all the DEQM and QI Core Profiles for each transaction.  If the Consumer supports snapshot updates, the contents of the updated payload entirely replaces the previous payload"/></concept></CodeSystem>