<?xml version="1.0" encoding="UTF-8"?><ImplementationGuide xmlns="http://hl7.org/fhir"><id value="healthedata1-sandbox"/><text><status value="extensions"/><div xmlns="http://www.w3.org/1999/xhtml"><h2>HealthEData_1Sandbox</h2><p>The official URL for this implementation guide is: </p><pre>http://www.fhir.org/guides/healthedata1-sandbox/ImplementationGuide/healthedata1-sandbox</pre><div><p>This is a Healthedata1 sandbox for creation of resources and examples</p>
</div></div></text><url value="http://www.fhir.org/guides/healthedata1-sandbox/ImplementationGuide/healthedata1-sandbox"/><version value="0.1.0"/><name value="HealthEData_1Sandbox"/><title value="Health eData 1 Sandbox"/><status value="active"/><date value="2021-12-03T21:52:00-08:00"/><publisher value="Health eData Inc"/><contact><telecom><system value="email"/><value value="mailto:ehaas@healthedatainc.com"/></telecom></contact><description value="This is a Healthedata1 sandbox for creation of resources and examples"/><packageId value="healthedata1-sandbox"/><license value="CC0-1.0"/><fhirVersion value="4.0.1"/><dependsOn id="hl7_fhir_us_core"><uri value="http://hl7.org/fhir/us/core/ImplementationGuide/hl7.fhir.us.core"/><packageId value="hl7.fhir.us.core"/><version value="4.0.0"/></dependsOn><dependsOn id="hl7_fhir_uv_bulkdata"><uri value="http://hl7.org/fhir/uv/bulkdata/ImplementationGuide/hl7.fhir.uv.bulkdata"/><packageId value="hl7.fhir.uv.bulkdata"/><version value="2.0.0"/></dependsOn><dependsOn id="hl7_fhir_uv_smart_app_launch"><uri value="http://hl7.org/fhir/smart-app-launch/ImplementationGuide/hl7.fhir.uv.smart-app-launch"/><packageId value="hl7.fhir.uv.smart-app-launch"/><version value="2.0.0"/></dependsOn><dependsOn id="vsac"><uri value="http://fhir.org/packages/us.nlm.vsac/ImplementationGuide/us.nlm.vsac"/><packageId value="us.nlm.vsac"/><version value="0.3.0"/></dependsOn><definition><extension url="http://hl7.org/fhir/tools/StructureDefinition/ig-parameter"><extension url="code"><valueString value="copyrightyear"/></extension><extension url="value"><valueString value="2020+"/></extension></extension><extension url="http://hl7.org/fhir/tools/StructureDefinition/ig-parameter"><extension url="code"><valueString value="releaselabel"/></extension><extension url="value"><valueString value="CI Build"/></extension></extension><extension url="http://hl7.org/fhir/tools/StructureDefinition/ig-parameter"><extension url="code"><valueString value="show-inherited-invariants"/></extension><extension url="value"><valueString value="false"/></extension></extension><extension url="http://hl7.org/fhir/tools/StructureDefinition/ig-parameter"><extension url="code"><valueString value="usage-stats-opt-out"/></extension><extension url="value"><valueString value="false"/></extension></extension><extension url="http://hl7.org/fhir/tools/StructureDefinition/ig-parameter"><extension url="code"><valueString value="path-output"/></extension><extension url="value"><valueString value="docs"/></extension></extension><extension url="http://hl7.org/fhir/tools/StructureDefinition/ig-parameter"><extension url="code"><valueString value="excludexml"/></extension><extension url="value"><valueString value="true"/></extension></extension><extension url="http://hl7.org/fhir/tools/StructureDefinition/ig-parameter"><extension url="code"><valueString value="escludejsn"/></extension><extension url="value"><valueString value="false"/></extension></extension><extension url="http://hl7.org/fhir/tools/StructureDefinition/ig-parameter"><extension url="code"><valueString value="excludettl"/></extension><extension url="value"><valueString value="true"/></extension></extension><extension url="http://hl7.org/fhir/tools/StructureDefinition/ig-parameter"><extension url="code"><valueString value="excludemap"/></extension><extension url="value"><valueString value="true"/></extension></extension><extension url="http://hl7.org/fhir/tools/StructureDefinition/ig-parameter"><extension url="code"><valueString value="excludeexample"/></extension><extension url="value"><valueString value="true"/></extension></extension><extension url="http://hl7.org/fhir/tools/StructureDefinition/ig-parameter"><extension url="code"><valueString value="autoload-resources"/></extension><extension url="value"><valueString value="true"/></extension></extension><extension url="http://hl7.org/fhir/tools/StructureDefinition/ig-parameter"><extension url="code"><valueString value="path-liquid"/></extension><extension url="value"><valueString value="template/liquid"/></extension></extension><extension url="http://hl7.org/fhir/tools/StructureDefinition/ig-parameter"><extension url="code"><valueString value="path-liquid"/></extension><extension url="value"><valueString value="input/liquid"/></extension></extension><extension url="http://hl7.org/fhir/tools/StructureDefinition/ig-parameter"><extension url="code"><valueString value="path-qa"/></extension><extension url="value"><valueString value="temp/qa"/></extension></extension><extension url="http://hl7.org/fhir/tools/StructureDefinition/ig-parameter"><extension url="code"><valueString value="path-temp"/></extension><extension url="value"><valueString value="temp/pages"/></extension></extension><extension url="http://hl7.org/fhir/tools/StructureDefinition/ig-parameter"><extension url="code"><valueString value="path-suppressed-warnings"/></extension><extension url="value"><valueString value="input/ignoreWarnings.txt"/></extension></extension><extension url="http://hl7.org/fhir/tools/StructureDefinition/ig-parameter"><extension url="code"><valueString value="path-history"/></extension><extension url="value"><valueString value="http://www.fhir.org/guides/healthedata1-sandbox/history.html"/></extension></extension><extension url="http://hl7.org/fhir/tools/StructureDefinition/ig-parameter"><extension url="code"><valueString value="template-html"/></extension><extension url="value"><valueString value="template-page.html"/></extension></extension><extension url="http://hl7.org/fhir/tools/StructureDefinition/ig-parameter"><extension url="code"><valueString value="template-md"/></extension><extension url="value"><valueString value="template-page-md.html"/></extension></extension><extension url="http://hl7.org/fhir/tools/StructureDefinition/ig-parameter"><extension url="code"><valueString value="apply-contact"/></extension><extension url="value"><valueString value="true"/></extension></extension><extension url="http://hl7.org/fhir/tools/StructureDefinition/ig-parameter"><extension url="code"><valueString value="apply-context"/></extension><extension url="value"><valueString value="true"/></extension></extension><extension url="http://hl7.org/fhir/tools/StructureDefinition/ig-parameter"><extension url="code"><valueString value="apply-copyright"/></extension><extension url="value"><valueString value="true"/></extension></extension><extension url="http://hl7.org/fhir/tools/StructureDefinition/ig-parameter"><extension url="code"><valueString value="apply-jurisdiction"/></extension><extension url="value"><valueString value="true"/></extension></extension><extension url="http://hl7.org/fhir/tools/StructureDefinition/ig-parameter"><extension url="code"><valueString value="apply-license"/></extension><extension url="value"><valueString value="true"/></extension></extension><extension url="http://hl7.org/fhir/tools/StructureDefinition/ig-parameter"><extension url="code"><valueString value="apply-publisher"/></extension><extension url="value"><valueString value="true"/></extension></extension><extension url="http://hl7.org/fhir/tools/StructureDefinition/ig-parameter"><extension url="code"><valueString value="apply-version"/></extension><extension url="value"><valueString value="true"/></extension></extension><extension url="http://hl7.org/fhir/tools/StructureDefinition/ig-parameter"><extension url="code"><valueString value="active-tables"/></extension><extension url="value"><valueString value="true"/></extension></extension><grouping id="-dyn-operationdefinition"><name value="Behavior: Operation Definitions"/><description value="These are custom operations that can be supported by and/or invoked by systems conforming to this implementation guide"/></grouping><grouping id="-str-profile"><name value="Structures: Resource Profiles"/><description value="These define constraints on FHIR resources for systems conforming to this implementation guide"/></grouping><grouping id="-str-extension"><name value="Structures: Extension Definitions"/><description value="These define constraints on FHIR data types for systems conforming to this implementation guide"/></grouping><grouping id="-term-valueset"><name value="Terminology: Value Sets"/><description value="These define sets of codes used by systems conforming to this implementation guide"/></grouping><grouping id="-term-codesystem"><name value="Terminology: Code Systems"/><description value="These define new code systems used by systems conforming to this implementation guide"/></grouping><grouping id="-ex-example"><name value="Example: Example Instances"/><description value="These are example instances that show what data produced and consumed by systems conforming with this implementation guide might look like"/></grouping><resource><extension url="http://hl7.org/fhir/StructureDefinition/implementationguide-page"><valueUri value="StructureDefinition-patientlistquestionnaire.html"/></extension><reference><reference value="StructureDefinition/patientlistquestionnaire"/></reference><name value="Argonaut Patient List Questionnaire"/><description value="A reference to a form definition that is bound to certain types of lists and defines each column for the purpose of providing additional data for each member"/><exampleBoolean value="false"/><groupingId value="-str-extension"/></resource><resource><extension url="http://hl7.org/fhir/StructureDefinition/implementationguide-page"><valueUri value="StructureDefinition-patientlistquestionnaireresponse.html"/></extension><reference><reference value="StructureDefinition/patientlistquestionnaireresponse"/></reference><name value="Argonaut Patient List QuestionnaireResponse"/><description value="A reference to a QuestionnaireResponse of prepopulated data based on a Patient List Questionnaire that is bound to certain types of lists and provides additional data for a Group.member"/><exampleBoolean value="false"/><groupingId value="-str-extension"/></resource><resource><extension url="http://hl7.org/fhir/StructureDefinition/implementationguide-page"><valueUri value="StructureDefinition-backport-heartbeat-period.html"/></extension><reference><reference value="StructureDefinition/backport-heartbeat-period"/></reference><name value="Backport R5 Subscription Heartbeat Period"/><description value="Interval in seconds to send &#39;heartbeat&#39; notifications."/><exampleBoolean value="false"/><groupingId value="-str-extension"/></resource><resource><extension url="http://hl7.org/fhir/StructureDefinition/implementationguide-page"><valueUri value="StructureDefinition-backport-payload-content.html"/></extension><reference><reference value="StructureDefinition/backport-payload-content"/></reference><name value="Backport R5 Subscription Payload Content Information"/><description value="How much of the resource content to deliver in the notification payload. The choices are an empty payload, only the resource id, or the full resource content."/><exampleBoolean value="false"/><groupingId value="-str-extension"/></resource><resource><extension url="http://hl7.org/fhir/StructureDefinition/implementationguide-page"><valueUri value="StructureDefinition-backport-timeout.html"/></extension><reference><reference value="StructureDefinition/backport-timeout"/></reference><name value="Backport R5 Subscription Timeout"/><description value="Timeout in seconds to attempt notification delivery."/><exampleBoolean value="false"/><groupingId value="-str-extension"/></resource><resource><extension url="http://hl7.org/fhir/StructureDefinition/implementationguide-page"><valueUri value="StructureDefinition-backport-topic-canonical.html"/></extension><reference><reference value="StructureDefinition/backport-topic-canonical"/></reference><name value="Backport R5 Subscription Topic Canonical"/><description value="Canonical reference to the subscription topic being subscribed to."/><exampleBoolean value="false"/><groupingId value="-str-extension"/></resource><resource><extension url="http://hl7.org/fhir/StructureDefinition/implementationguide-page"><valueUri value="StructureDefinition-backport-subscription-notification.html"/></extension><reference><reference value="StructureDefinition/backport-subscription-notification"/></reference><name value="Backported R5 Subscription Notification Bundle"/><description value="Profile on the R4 Bundle resource to enable R5-style topic-based subscription notifications in FHIR R4."/><exampleBoolean value="false"/><groupingId value="-str-profile"/></resource><resource><extension url="http://hl7.org/fhir/StructureDefinition/implementationguide-page"><valueUri value="StructureDefinition-backport-subscription-status.html"/></extension><reference><reference value="StructureDefinition/backport-subscription-status"/></reference><name value="Backported R5 Subscription Notification Status"/><description value="Profile on the Parameters resource to enable R5-style topic-based subscription notifications in FHIR R4."/><exampleBoolean value="false"/><groupingId value="-str-profile"/></resource><resource><extension url="http://hl7.org/fhir/StructureDefinition/implementationguide-page"><valueUri value="StructureDefinition-backport-subscription.html"/></extension><reference><reference value="StructureDefinition/backport-subscription"/></reference><name value="Backported R5 Subscription"/><description value="Profile on the R4 Subscription resource to enable R5-style topic-based subscriptions in FHIR R4."/><exampleBoolean value="false"/><groupingId value="-str-profile"/></resource><resource><extension url="http://hl7.org/fhir/StructureDefinition/implementationguide-page"><valueUri value="CodeSystem-tags.html"/></extension><reference><reference value="CodeSystem/tags"/></reference><name value="Argonaut Write Tag Code System"/><description value="Used to tag patient submitted resources for writing and searching from EHRs"/><exampleBoolean value="false"/><groupingId value="-term-codesystem"/></resource><resource><extension url="http://hl7.org/fhir/StructureDefinition/implementationguide-page"><valueUri value="OperationDefinition-attachment.html"/></extension><reference><reference value="OperationDefinition/attachment"/></reference><name value="Attachment Operation"/><description value="This operation is used to submit attachments for Claims or Prior Authorization. This operation accepts the clinical attachments and the necessary information needed to re-attach them to the claim or prior authorization, and returns a transaction layer http response.  This operation can be used by any HTTP end-point, not just FHIR RESTful servers.&#xA;&#xA;The input parameters are:&#xA;1. One or more Attachments as FHIR Resources&#xA;1. Data elements for reassociation to the Claim/Prior Authorization&#xA;    - Reason for Attachments:&#xA;      - Unsolicited claim&#xA;      - Solicited claim&#xA;      - Prior Authorization&#xA;    - A unique claim/prior authorization identifier (named &quot;TargetId&quot;)&#xA;    - One or more unique claim line item identifiers&#xA;    - A unique organization/location identifier (e.g., NPI)&#xA;    - A unique provider identifier (e.g., NPI)&#xA;    - A unique Patient member identifier&#xA;&#xA;There are no output parameters.&#xA;&#xA;Note that Unsolicited Claim implies that the *provider* assigns the claim identifier (in other words, a &quot;placer identifier&quot;) upon claim generation. Solicited Claim and Prior Authorization imply that the *payer* assigned the Claim/Prior Authorization identifier (in other words, a &quot;filler identifier&quot;) a upon receipt of a claim or prior authorization.&#xA;"/><exampleBoolean value="false"/><groupingId value="-dyn-operationdefinition"/></resource><resource><extension url="http://hl7.org/fhir/StructureDefinition/implementationguide-page"><valueUri value="StructureDefinition-us-core-diagnosticreport-note.html"/></extension><reference><reference value="StructureDefinition/us-core-diagnosticreport-note"/></reference><name value="US Core DiagnosticReport Profile for Report and Note exchange"/><description value="Defines constraints and extensions on the DiagnosticReport resource  for the minimal set of data to query and retrieve diagnostic reports associated with clinical notes for a patient"/><exampleBoolean value="false"/><groupingId value="-str-profile"/></resource><resource><extension url="http://hl7.org/fhir/StructureDefinition/implementationguide-page"><valueUri value="ValueSet-cdex-attachment-reason.html"/></extension><reference><reference value="ValueSet/cdex-attachment-reason"/></reference><name value="CDex Attachment Reason Value Set"/><description value="The set of codes is used in the [`$attachment`](http://build.fhir.org/ig/HL7/davinci-ecdx/todo.html) operation for identifying the reason for attachments"/><exampleBoolean value="false"/><groupingId value="-term-valueset"/></resource><resource><extension url="http://hl7.org/fhir/StructureDefinition/implementationguide-page"><valueUri value="ValueSet-tags.html"/></extension><reference><reference value="ValueSet/tags"/></reference><name value="Argonaut Write Tag Value Set"/><description value="Used to tag patient submitted resources for writing and searching from EHRs"/><exampleBoolean value="false"/><groupingId value="-term-valueset"/></resource><resource><extension url="http://hl7.org/fhir/StructureDefinition/implementationguide-page"><valueUri value="CodeSystem-backport-content-code-system.html"/></extension><reference><reference value="CodeSystem/backport-content-code-system"/></reference><name value="Backported R5 Subscription Content Code System"/><description value="Codes to represent how much resource content to send in the notification payload."/><exampleBoolean value="false"/><groupingId value="-term-codesystem"/></resource><resource><extension url="http://hl7.org/fhir/StructureDefinition/implementationguide-page"><valueUri value="CodeSystem-backport-notification-type-code-system.html"/></extension><reference><reference value="CodeSystem/backport-notification-type-code-system"/></reference><name value="R5 Subscription Notification Type Code System"/><description value="Codes to represent types of notification bundles."/><exampleBoolean value="false"/><groupingId value="-term-codesystem"/></resource><resource><extension url="http://hl7.org/fhir/StructureDefinition/implementationguide-page"><valueUri value="ValueSet-backport-content-value-set.html"/></extension><reference><reference value="ValueSet/backport-content-value-set"/></reference><name value="Backported R5 Subscription Content Value Set"/><description value="Codes to represent how much resource content to send in the notification payload."/><exampleBoolean value="false"/><groupingId value="-term-valueset"/></resource><resource><extension url="http://hl7.org/fhir/StructureDefinition/implementationguide-page"><valueUri value="ValueSet-backport-notification-type-value-set.html"/></extension><reference><reference value="ValueSet/backport-notification-type-value-set"/></reference><name value="R5 Subscription Notification Type Value Set"/><description value="Codes to represent types of notification bundles."/><exampleBoolean value="false"/><groupingId value="-term-valueset"/></resource><resource><extension url="http://hl7.org/fhir/StructureDefinition/implementationguide-page"><valueUri value="Bundle-3945182f-d315-4dbf-9259-09d863c7e7da.html"/></extension><reference><reference value="Bundle/3945182f-d315-4dbf-9259-09d863c7e7da"/></reference><name value="3945182f-d315-4dbf-9259-09d863c7e7da"/><exampleCanonical value="http://www.fhir.org/guides/healthedata1-sandbox/StructureDefinition/backport-subscription-notification"/><groupingId value="-ex-example"/></resource><resource><extension url="http://hl7.org/fhir/StructureDefinition/implementationguide-page"><valueUri value="Bundle-9601c07a-e34f-4945-93ca-6efb5394c995.html"/></extension><reference><reference value="Bundle/9601c07a-e34f-4945-93ca-6efb5394c995"/></reference><name value="9601c07a-e34f-4945-93ca-6efb5394c995"/><exampleCanonical value="http://www.fhir.org/guides/healthedata1-sandbox/StructureDefinition/backport-subscription-notification"/><groupingId value="-ex-example"/></resource><resource><extension url="http://hl7.org/fhir/StructureDefinition/implementationguide-page"><valueUri value="Subscription-admission.html"/></extension><reference><reference value="Subscription/admission"/></reference><name value="admission"/><exampleCanonical value="http://www.fhir.org/guides/healthedata1-sandbox/StructureDefinition/backport-subscription"/><groupingId value="-ex-example"/></resource><resource><extension url="http://hl7.org/fhir/StructureDefinition/implementationguide-page"><valueUri value="Observation-test.html"/></extension><reference><reference value="Observation/test"/></reference><name value="FOO"/><description value="###FOO&#xA;- bar"/><exampleBoolean value="true"/><groupingId value="-ex-example"/></resource><resource><extension url="http://hl7.org/fhir/StructureDefinition/implementationguide-page"><valueUri value="Location-hospital.html"/></extension><reference><reference value="Location/hospital"/></reference><name value="Hospital Location"/><description value="This is an example hospital location for the *US Core Location Profile*."/><exampleCanonical value="http://hl7.org/fhir/us/core/StructureDefinition/us-core-location"/><groupingId value="-ex-example"/></resource><resource><extension url="http://hl7.org/fhir/StructureDefinition/implementationguide-page"><valueUri value="Task-cdex-example1-authorized-completed.html"/></extension><reference><reference value="Task/cdex-example1-authorized-completed"/></reference><name value="Scenario 2 Completed Authorization Example"/><description value="Completed Task to seek a patient active conditions with a reference to a formal authorization."/><exampleBoolean value="true"/><groupingId value="-ex-example"/></resource><page><nameUrl value="toc.html"/><title value="Table of Contents"/><generation value="html"/><page><nameUrl value="index.html"/><title value="Home"/><generation value="markdown"/></page><page><nameUrl value="downloads.html"/><title value="Downloads"/><generation value="markdown"/></page><page><nameUrl value="guidance.html"/><title value="Guidance"/><generation value="markdown"/></page><page><nameUrl value="artifacts.html"/><title value="Artifacts Summary"/><generation value="html"/><page><nameUrl value="OperationDefinition-attachment.html"/><title value="Attachment Operation"/><generation value="generated"/></page><page><nameUrl value="StructureDefinition-backport-subscription-notification.html"/><title value="Backported R5 Subscription Notification Bundle"/><generation value="generated"/></page><page><nameUrl value="StructureDefinition-backport-subscription-status.html"/><title value="Backported R5 Subscription Notification Status"/><generation value="generated"/></page><page><nameUrl value="StructureDefinition-backport-subscription.html"/><title value="Backported R5 Subscription"/><generation value="generated"/></page><page><nameUrl value="StructureDefinition-us-core-diagnosticreport-note.html"/><title value="US Core DiagnosticReport Profile for Report and Note exchange"/><generation value="generated"/></page><page><nameUrl value="StructureDefinition-patientlistquestionnaire.html"/><title value="Argonaut Patient List Questionnaire"/><generation value="generated"/></page><page><nameUrl value="StructureDefinition-patientlistquestionnaireresponse.html"/><title value="Argonaut Patient List QuestionnaireResponse"/><generation value="generated"/></page><page><nameUrl value="StructureDefinition-backport-heartbeat-period.html"/><title value="Backport R5 Subscription Heartbeat Period"/><generation value="generated"/></page><page><nameUrl value="StructureDefinition-backport-payload-content.html"/><title value="Backport R5 Subscription Payload Content Information"/><generation value="generated"/></page><page><nameUrl value="StructureDefinition-backport-timeout.html"/><title value="Backport R5 Subscription Timeout"/><generation value="generated"/></page><page><nameUrl value="StructureDefinition-backport-topic-canonical.html"/><title value="Backport R5 Subscription Topic Canonical"/><generation value="generated"/></page><page><nameUrl value="ValueSet-cdex-attachment-reason.html"/><title value="CDex Attachment Reason Value Set"/><generation value="generated"/></page><page><nameUrl value="ValueSet-tags.html"/><title value="Argonaut Write Tag Value Set"/><generation value="generated"/></page><page><nameUrl value="ValueSet-backport-content-value-set.html"/><title value="Backported R5 Subscription Content Value Set"/><generation value="generated"/></page><page><nameUrl value="ValueSet-backport-notification-type-value-set.html"/><title value="R5 Subscription Notification Type Value Set"/><generation value="generated"/></page><page><nameUrl value="CodeSystem-tags.html"/><title value="Argonaut Write Tag Code System"/><generation value="generated"/></page><page><nameUrl value="CodeSystem-backport-content-code-system.html"/><title value="Backported R5 Subscription Content Code System"/><generation value="generated"/></page><page><nameUrl value="CodeSystem-backport-notification-type-code-system.html"/><title value="R5 Subscription Notification Type Code System"/><generation value="generated"/></page><page><nameUrl value="Bundle-3945182f-d315-4dbf-9259-09d863c7e7da.html"/><title value="3945182f-d315-4dbf-9259-09d863c7e7da"/><generation value="generated"/></page><page><nameUrl value="Bundle-9601c07a-e34f-4945-93ca-6efb5394c995.html"/><title value="9601c07a-e34f-4945-93ca-6efb5394c995"/><generation value="generated"/></page><page><nameUrl value="Subscription-admission.html"/><title value="admission"/><generation value="generated"/></page><page><nameUrl value="Observation-test.html"/><title value="FOO"/><generation value="generated"/></page><page><nameUrl value="Location-hospital.html"/><title value="Hospital Location"/><generation value="generated"/></page><page><nameUrl value="Task-cdex-example1-authorized-completed.html"/><title value="Scenario 2 Completed Authorization Example"/><generation value="generated"/></page></page></page><parameter><code value="path-resource"/><value value="input/resources"/></parameter><parameter><code value="path-resource"/><value value="fsh-generated/resources"/></parameter><parameter><code value="path-resource"/><value value="input/intro-notes"/></parameter><parameter><code value="path-resource"/><value value="input/capabilities"/></parameter><parameter><code value="path-resource"/><value value="input/examples"/></parameter><parameter><code value="path-resource"/><value value="input/extensions"/></parameter><parameter><code value="path-resource"/><value value="input/models"/></parameter><parameter><code value="path-resource"/><value value="input/operations"/></parameter><parameter><code value="path-resource"/><value value="input/profiles"/></parameter><parameter><code value="path-resource"/><value value="input/vocabulary"/></parameter><parameter><code value="path-resource"/><value value="input/testing"/></parameter><parameter><code value="path-resource"/><value value="input/history"/></parameter><parameter><code value="path-pages"/><value value="template/config"/></parameter><parameter><code value="path-pages"/><value value="input/images"/></parameter><parameter><code value="path-tx-cache"/><value value="input-cache/txcache"/></parameter></definition></ImplementationGuide>