<?xml version="1.0" encoding="UTF-8"?><ImplementationGuide xmlns="http://hl7.org/fhir"><id value="healthedatainc.sushi-sandbox"/><text><status value="extensions"/><div xmlns="http://www.w3.org/1999/xhtml"><h2>SushiSandbox</h2><p>The official URL for this implementation guide is: </p><pre>http://www.fhir.org/guides/sushi-sandbox/ImplementationGuide/healthedatainc.sushi-sandbox</pre><div><p>This is a sushi sandbox for creation of resources and examples</p>
</div></div></text><url value="http://www.fhir.org/guides/sushi-sandbox/ImplementationGuide/healthedatainc.sushi-sandbox"/><version value="0.1.0"/><name value="SushiSandbox"/><title value="Sushi Sandbox"/><status value="active"/><date value="2021-02-22T11:23:21-08:00"/><publisher value="Health eData Inc"/><contact><telecom><system value="email"/><value value="mailto:ehaas@healthedatainc.com"/></telecom></contact><description value="This is a sushi sandbox for creation of resources and examples"/><packageId value="healthedatainc.sushi-sandbox"/><license value="CC0-1.0"/><fhirVersion value="4.0.1"/><dependsOn id="hl7_fhir_us_core"><uri value="http://hl7.org/fhir/us/core/ImplementationGuide/hl7.fhir.us.core"/><packageId value="hl7.fhir.us.core"/><version value="3.1.1"/></dependsOn><definition><extension url="http://hl7.org/fhir/tools/StructureDefinition/ig-parameter"><extension url="code"><valueString value="copyrightyear"/></extension><extension url="value"><valueString value="2020+"/></extension></extension><extension url="http://hl7.org/fhir/tools/StructureDefinition/ig-parameter"><extension url="code"><valueString value="releaselabel"/></extension><extension url="value"><valueString value="CI Build"/></extension></extension><extension url="http://hl7.org/fhir/tools/StructureDefinition/ig-parameter"><extension url="code"><valueString value="show-inherited-invariants"/></extension><extension url="value"><valueString value="false"/></extension></extension><extension url="http://hl7.org/fhir/tools/StructureDefinition/ig-parameter"><extension url="code"><valueString value="usage-stats-opt-out"/></extension><extension url="value"><valueString value="false"/></extension></extension><extension url="http://hl7.org/fhir/tools/StructureDefinition/ig-parameter"><extension url="code"><valueString value="path-output"/></extension><extension url="value"><valueString value="docs"/></extension></extension><extension url="http://hl7.org/fhir/tools/StructureDefinition/ig-parameter"><extension url="code"><valueString value="excludexml"/></extension><extension url="value"><valueString value="true"/></extension></extension><extension url="http://hl7.org/fhir/tools/StructureDefinition/ig-parameter"><extension url="code"><valueString value="escludejsn"/></extension><extension url="value"><valueString value="false"/></extension></extension><extension url="http://hl7.org/fhir/tools/StructureDefinition/ig-parameter"><extension url="code"><valueString value="excludettl"/></extension><extension url="value"><valueString value="true"/></extension></extension><extension url="http://hl7.org/fhir/tools/StructureDefinition/ig-parameter"><extension url="code"><valueString value="excludemap"/></extension><extension url="value"><valueString value="true"/></extension></extension><extension url="http://hl7.org/fhir/tools/StructureDefinition/ig-parameter"><extension url="code"><valueString value="excludeexample"/></extension><extension url="value"><valueString value="true"/></extension></extension><extension url="http://hl7.org/fhir/tools/StructureDefinition/ig-parameter"><extension url="code"><valueString value="autoload-resources"/></extension><extension url="value"><valueString value="true"/></extension></extension><extension url="http://hl7.org/fhir/tools/StructureDefinition/ig-parameter"><extension url="code"><valueString value="path-liquid"/></extension><extension url="value"><valueString value="template/liquid"/></extension></extension><extension url="http://hl7.org/fhir/tools/StructureDefinition/ig-parameter"><extension url="code"><valueString value="path-liquid"/></extension><extension url="value"><valueString value="input/liquid"/></extension></extension><extension url="http://hl7.org/fhir/tools/StructureDefinition/ig-parameter"><extension url="code"><valueString value="path-qa"/></extension><extension url="value"><valueString value="temp/qa"/></extension></extension><extension url="http://hl7.org/fhir/tools/StructureDefinition/ig-parameter"><extension url="code"><valueString value="path-temp"/></extension><extension url="value"><valueString value="temp/pages"/></extension></extension><extension url="http://hl7.org/fhir/tools/StructureDefinition/ig-parameter"><extension url="code"><valueString value="path-suppressed-warnings"/></extension><extension url="value"><valueString value="input/ignoreWarnings.txt"/></extension></extension><extension url="http://hl7.org/fhir/tools/StructureDefinition/ig-parameter"><extension url="code"><valueString value="path-history"/></extension><extension url="value"><valueString value="http://www.fhir.org/guides/sushi-sandbox/history.html"/></extension></extension><extension url="http://hl7.org/fhir/tools/StructureDefinition/ig-parameter"><extension url="code"><valueString value="template-html"/></extension><extension url="value"><valueString value="template-page.html"/></extension></extension><extension url="http://hl7.org/fhir/tools/StructureDefinition/ig-parameter"><extension url="code"><valueString value="template-md"/></extension><extension url="value"><valueString value="template-page-md.html"/></extension></extension><extension url="http://hl7.org/fhir/tools/StructureDefinition/ig-parameter"><extension url="code"><valueString value="apply-contact"/></extension><extension url="value"><valueString value="true"/></extension></extension><extension url="http://hl7.org/fhir/tools/StructureDefinition/ig-parameter"><extension url="code"><valueString value="apply-context"/></extension><extension url="value"><valueString value="true"/></extension></extension><extension url="http://hl7.org/fhir/tools/StructureDefinition/ig-parameter"><extension url="code"><valueString value="apply-copyright"/></extension><extension url="value"><valueString value="true"/></extension></extension><extension url="http://hl7.org/fhir/tools/StructureDefinition/ig-parameter"><extension url="code"><valueString value="apply-jurisdiction"/></extension><extension url="value"><valueString value="true"/></extension></extension><extension url="http://hl7.org/fhir/tools/StructureDefinition/ig-parameter"><extension url="code"><valueString value="apply-license"/></extension><extension url="value"><valueString value="true"/></extension></extension><extension url="http://hl7.org/fhir/tools/StructureDefinition/ig-parameter"><extension url="code"><valueString value="apply-publisher"/></extension><extension url="value"><valueString value="true"/></extension></extension><extension url="http://hl7.org/fhir/tools/StructureDefinition/ig-parameter"><extension url="code"><valueString value="apply-version"/></extension><extension url="value"><valueString value="true"/></extension></extension><extension url="http://hl7.org/fhir/tools/StructureDefinition/ig-parameter"><extension url="code"><valueString value="active-tables"/></extension><extension url="value"><valueString value="true"/></extension></extension><grouping id="_dyn_searchparameter"><name value="Behavior: Search Parameters"/><description value="These define the properties by which a RESTful server can be searched.  They can also be used for sorting and including related resources."/></grouping><grouping id="_str_profile"><name value="Structures: Resource Profiles"/><description value="These define constraints on FHIR resources for systems conforming to this implementation guide"/></grouping><grouping id="_str_extension"><name value="Structures: Extension Definitions"/><description value="These define constraints on FHIR data types for systems conforming to this implementation guide"/></grouping><grouping id="_term_valueset"><name value="Terminology: Value Sets"/><description value="These define sets of codes used by systems conforming to this implementation guide"/></grouping><grouping id="_term_codesystem"><name value="Terminology: Code Systems"/><description value="These define new code systems used by systems conforming to this implementation guide"/></grouping><grouping id="_ex_example"><name value="Example: Example Instances"/><description value="These are example instances that show what data produced and consumed by systems conforming with this implementation guide might look like"/></grouping><resource><extension url="http://hl7.org/fhir/StructureDefinition/implementationguide-page"><valueUri value="StructureDefinition-argo-patientlist.html"/></extension><reference><reference value="StructureDefinition/argo-patientlist"/></reference><name value="Argonaut Patient List (Group) Profile"/><description value="Profile on the R4 Group resource to for [Argonaut Patient List Project](https://confluence.hl7.org/display/AP/Argonaut+Project+Home).  Note that the [Group](http://hl7.org/fhir/group.html) resource is used for this patient **list** use case even though there is also a FHIR List resource"/><exampleBoolean value="false"/><groupingId value="_str_profile"/></resource><resource><extension url="http://hl7.org/fhir/StructureDefinition/implementationguide-page"><valueUri value="StructureDefinition-patientlistquestionnaire.html"/></extension><reference><reference value="StructureDefinition/patientlistquestionnaire"/></reference><name value="Argonaut Patient List Questionnaire"/><description value="A reference to a form definition that is bound to certain types of lists and defines each column for the purpose of providing additional data for each member"/><exampleBoolean value="false"/><groupingId value="_str_extension"/></resource><resource><extension url="http://hl7.org/fhir/StructureDefinition/implementationguide-page"><valueUri value="StructureDefinition-patientlistquestionnaireresponse.html"/></extension><reference><reference value="StructureDefinition/patientlistquestionnaireresponse"/></reference><name value="Argonaut Patient List QuestionnaireResponse"/><description value="A reference to a QuestionnaireResponse of prepopulated data based on a Patient List Questionnaire that is bound to certain types of lists and provides additional data for a Group.member"/><exampleBoolean value="false"/><groupingId value="_str_extension"/></resource><resource><extension url="http://hl7.org/fhir/StructureDefinition/implementationguide-page"><valueUri value="ValueSet-argo-group-characteristic.html"/></extension><reference><reference value="ValueSet/argo-group-characteristic"/></reference><name value="Argonaut Group Characteristic Value Set"/><description value="Used to define group characteristic and limited to &#39;location&#39;or...."/><exampleBoolean value="false"/><groupingId value="_term_valueset"/></resource><resource><extension url="http://hl7.org/fhir/StructureDefinition/implementationguide-page"><valueUri value="CodeSystem-argo-group-characteristic.html"/></extension><reference><reference value="CodeSystem/argo-group-characteristic"/></reference><name value="Argonaut Group Characteristic Code System"/><description value="Used to define group characteristic and limited to &#39;location&#39;or &#39;team&#39; or &#39;organization&#39; or &#39;practitioner&#39;"/><exampleBoolean value="false"/><groupingId value="_term_codesystem"/></resource><resource><extension url="http://hl7.org/fhir/StructureDefinition/implementationguide-page"><valueUri value="SearchParameter-Group-value-reference.html"/></extension><reference><reference value="SearchParameter/Group-value-reference"/></reference><name value="GroupValueReference"/><description value="Reference value held by characteristic"/><exampleBoolean value="false"/><groupingId value="_dyn_searchparameter"/></resource><resource><extension url="http://hl7.org/fhir/StructureDefinition/implementationguide-page"><valueUri value="StructureDefinition-argo-patientlist2.html"/></extension><reference><reference value="StructureDefinition/argo-patientlist2"/></reference><name value="Argonaut Patient List (Group) Profile"/><description value="Profile on the R4 Group resource to for [Argonaut Patient List Project](https://confluence.hl7.org/display/AP/Argonaut+Project+Home).  Note that the [Group](http://hl7.org/fhir/group.html) resource is used for this patient **list** use case even though there is also a FHIR List resource"/><exampleBoolean value="false"/><groupingId value="_str_profile"/></resource><resource><extension url="http://hl7.org/fhir/StructureDefinition/implementationguide-page"><valueUri value="StructureDefinition-test-obs.html"/></extension><reference><reference value="StructureDefinition/test-obs"/></reference><name value="US Core Laboratory Result Observation Profile"/><description value="Defines constraints and extensions on the Observation resource for the minimal set of data to query and retrieve laboratory test results"/><exampleBoolean value="false"/><groupingId value="_str_profile"/></resource><resource><extension url="http://hl7.org/fhir/StructureDefinition/implementationguide-page"><valueUri value="Observation-test.html"/></extension><reference><reference value="Observation/test"/></reference><name value="FOO"/><description value="###FOO&#xA;- bar"/><exampleCanonical value="http://www.fhir.org/guides/sushi-sandbox/StructureDefinition/test-obs"/><groupingId value="_ex_example"/></resource><page><nameUrl value="toc.html"/><title value="Table of Contents"/><generation value="html"/><page><nameUrl value="index.html"/><title value="Home"/><generation value="markdown"/></page><page><nameUrl value="downloads.html"/><title value="Downloads"/><generation value="markdown"/></page><page><nameUrl value="guidance.html"/><title value="Guidance"/><generation value="markdown"/></page><page><nameUrl value="artifacts.html"/><title value="Artifacts Summary"/><generation value="html"/><page><nameUrl value="SearchParameter-Group-value-reference.html"/><title value="GroupValueReference"/><generation value="generated"/></page><page><nameUrl value="StructureDefinition-argo-patientlist.html"/><title value="Argonaut Patient List (Group) Profile"/><generation value="generated"/></page><page><nameUrl value="StructureDefinition-argo-patientlist2.html"/><title value="Argonaut Patient List (Group) Profile"/><generation value="generated"/></page><page><nameUrl value="StructureDefinition-test-obs.html"/><title value="US Core Laboratory Result Observation Profile"/><generation value="generated"/></page><page><nameUrl value="StructureDefinition-patientlistquestionnaire.html"/><title value="Argonaut Patient List Questionnaire"/><generation value="generated"/></page><page><nameUrl value="StructureDefinition-patientlistquestionnaireresponse.html"/><title value="Argonaut Patient List QuestionnaireResponse"/><generation value="generated"/></page><page><nameUrl value="ValueSet-argo-group-characteristic.html"/><title value="Argonaut Group Characteristic Value Set"/><generation value="generated"/></page><page><nameUrl value="CodeSystem-argo-group-characteristic.html"/><title value="Argonaut Group Characteristic Code System"/><generation value="generated"/></page><page><nameUrl value="Observation-test.html"/><title value="FOO"/><generation value="generated"/></page></page></page><parameter><code value="path-resource"/><value value="input/resources"/></parameter><parameter><code value="path-resource"/><value value="fsh-generated/resources"/></parameter><parameter><code value="path-pages"/><value value="input/pagecontent"/></parameter><parameter><code value="path-pages"/><value value="fsh-generated/includes"/></parameter><parameter><code value="path-resource"/><value value="input/capabilities"/></parameter><parameter><code value="path-resource"/><value value="input/examples"/></parameter><parameter><code value="path-resource"/><value value="input/extensions"/></parameter><parameter><code value="path-resource"/><value value="input/models"/></parameter><parameter><code value="path-resource"/><value value="input/operations"/></parameter><parameter><code value="path-resource"/><value value="input/profiles"/></parameter><parameter><code value="path-resource"/><value value="input/vocabulary"/></parameter><parameter><code value="path-resource"/><value value="input/testing"/></parameter><parameter><code value="path-resource"/><value value="input/history"/></parameter><parameter><code value="path-pages"/><value value="template/config"/></parameter><parameter><code value="path-pages"/><value value="input/images"/></parameter><parameter><code value="path-tx-cache"/><value value="input-cache/txcache"/></parameter></definition></ImplementationGuide>