<?xml version="1.0" encoding="UTF-8"?><OperationDefinition xmlns="http://hl7.org/fhir"><id value="submit-attachment"/><text><status value="extensions"/><div xmlns="http://www.w3.org/1999/xhtml"><h2>SubmitAttachment</h2><p>OPERATION: SubmitAttachment</p><p>The official URL for this operation definition is: </p><pre>http://hl7.org/fhir/us/davinci-cdex/OperationDefinition/submit-attachment</pre><div><p>This operation is used to submit attachments (additional information) for Claims or Prior Authorization. This operation accepts the clinical/administrative attachments and the necessary information needed to re-associate them to the claim or prior authorization, and returns a transaction layer HTTP response.  The operation may be invoked <em>before, at the same time as, or after</em> the claim or pre-authorization has been supplied to the Payer.  This operation can be used by any HTTP endpoint, not just FHIR RESTful servers.</p>
<p>The input parameters are:</p>
<ol>
<li>One or more Attachments as FHIR Resources</li>
<li>Data elements for reassociation to the Claim/Prior Authorization
<ul>
<li>What is the documentation for:
<ul>
<li>Claim</li>
<li>Prior Authorization</li>
</ul>
</li>
<li>Optionally, a unique payer identifier</li>
<li>A unique claim/prior authorization identifier  (referred to as the &quot;re-association tracking control numbers&quot;)*</li>
<li>Optionally, one or more unique claim line item identifiers</li>
<li>A unique organization/location identifier (e.g., NPI)</li>
<li>A unique provider identifier (e.g., NPI)</li>
<li>A unique Patient member identifier</li>
<li>Date of Service</li>
</ul>
</li>
</ol>
<p>There are no output parameters.</p>
</div><p>URL: [base]/$submit-attachment</p><p>Parameters</p><table class="grid"><tr><td><b>Use</b></td><td><b>Name</b></td><td><b>Cardinality</b></td><td><b>Type</b></td><td><b>Binding</b></td><td><b>Documentation</b></td></tr><tr><td>IN</td><td>AttachTo</td><td>1..1</td><td><a href="http://hl7.org/fhir/R4/datatypes.html#code">code</a></td><td>http://hl7.org/fhir/us/davinci-cdex/ValueSet/cdex-attachment-reason (Required)</td><td><div><p>Whether the additional information is needed for a claim or for prior authorization.</p>
</div></td></tr><tr><td>IN</td><td>PayerId</td><td>0..1</td><td><a href="http://hl7.org/fhir/R4/datatypes.html#Identifier">Identifier</a></td><td/><td><div><p>The receiving payer identifier. Some endpoints may support multiple payers.  Therefore, this identifier may be required when submitting attachments.</p>
</div></td></tr><tr><td>IN</td><td>TrackingId</td><td>1..1</td><td><a href="http://hl7.org/fhir/R4/datatypes.html#string">string</a></td><td/><td><div><p>Claim/prior authorization identifier value referred to as the &quot;re-association tracking control numbers&quot;*</p>
</div></td></tr><tr><td>IN</td><td>OrganizationId</td><td>1..1</td><td><a href="http://hl7.org/fhir/R4/datatypes.html#Identifier">Identifier</a></td><td/><td><div><p>Sending organization/location identifier (e.g., NPI)</p>
</div></td></tr><tr><td>IN</td><td>ProviderId</td><td>1..1</td><td><a href="http://hl7.org/fhir/R4/datatypes.html#Identifier">Identifier</a></td><td/><td><div><p>Sending provider identifier (e.g., NPI)</p>
</div></td></tr><tr><td>IN</td><td>MemberId</td><td>1..1</td><td><a href="http://hl7.org/fhir/R4/datatypes.html#Identifier">Identifier</a></td><td/><td><div><p>Patient member identifier</p>
</div></td></tr><tr><td>IN</td><td>ServiceDate</td><td>0..1</td><td><a href="http://hl7.org/fhir/R4/datatypes.html#date">date</a></td><td/><td><div><p>Date of service or starting date of the service for the claim or prior authorization.  This parameter <strong>SHALL</strong> be present and precise to the day if the attachment is for a claim.  It is optional if the attachment is for a prior authorization.</p>
</div></td></tr><tr><td>IN</td><td>Attachment</td><td>0..*</td><td></td><td/><td><div><p>The attachments being communicated for a Claim or Prior Authorization. They are applied to the ItemId (line items) and/or LOINC parameters if present.  If no ItemId is present, then the attachment is applied to the entire claim or prior authorization.</p>
</div></td></tr><tr><td>IN</td><td>Attachment.ItemId</td><td>0..*</td><td><a href="http://hl7.org/fhir/R4/datatypes.html#string">string</a></td><td/><td><div><p>Claim/prior authorization identifier that uniquely reference a line item in the context of the claim or prior authorization. For a <em>solicited</em> Claim or Prior Authorization attachment, this value should be the same as the line items communicated in the request.</p>
</div></td></tr><tr><td>IN</td><td>Attachment.code</td><td>0..*</td><td><a href="http://hl7.org/fhir/R4/datatypes.html#Coding">Coding</a></td><td>http://hl7.org/fhir/us/core/ValueSet/us-core-documentreference-type (Extensible)</td><td><div><p>LOINC code to identify the specific kind of information being communicated (e.g., a discharge summary or diagnostic imaging report).  For a <em>solicited</em> Claim or Prior Authorization attachment, this value should be the same as the LOINC communicated in the request.</p>
</div></td></tr><tr><td>IN</td><td>Attachment.content</td><td>1..*</td><td><a href="http://hl7.org/fhir/R4/resource.html">Resource</a></td><td/><td><div><p>Attachments as FHIR resources.  Non-FHIR attachments data is conveyed using the DocumentReference or Binary resource. Servers <strong>SHALL</strong> support  DocumentReference resource type and <strong>SHOULD</strong> support other types.</p>
</div></td></tr></table><div><p>*Note that an <em>unsolicited</em> Claim attachment implies that the provider assigns the tracking control number on the claim and also on the submitted attachments for that claim for re-association. A <em>solicited</em> Claim attachments are when the payer assigns the Claim control number and sends the provider a request for additional information for that specific claim. Similarly for Prior Authorization, the prior auth identifier is provider assigned when the attachments are sent upon prior auth generation, and the prior auth identifier is the payer assigned control number when the attachments are in response to a request for additional information by the payer.</p>
<p>The following rules apply when using <code>$submit-attachment</code>:</p>
<ul>
<li>The operation's endpoint <strong>SHALL</strong> only accepts <code>POST</code> transactions - any other HTTP method <strong>SHALL</strong> result in an HTTP error.</li>
<li>The ServiceDate parameter <strong>SHALL</strong> be present and precise to the day if the attachment is for a claim.  It is optional if the attachment is for a prior authorization.</li>
<li>For the <code>Attachment</code> parameter, Servers <strong>SHALL</strong> support  DocumentReference resource type and <strong>SHOULD</strong> support other types.
<ul>
<li>The DocumentReference resources can represent the referenced content using either an address where the document can be retrieved using <code>DocumentReference.attachment.url</code> or the content as inline base64 encoded data using <code>DocumentReference.attachment.data</code>.  The server system is not required to support both an address and inline base64 encoded data, but <strong>SHALL</strong> support at least one of these elements.</li>
<li>These capabilities <strong>SHOULD</strong> be discoverable and documented by the server (for example, in the CapabilityStatement for FHIR Servers).</li>
</ul>
</li>
<li>When processing messages, a server may return one of several status codes:
<ul>
<li><strong>200 OK</strong>: Indicates that the server has accepted the clinical attachments.
<ul>
<li>If the attachments can not be associated to an <em>existing</em> claim or member, the server <strong>SHOULD</strong> return an <a href="http://hl7.org/fhir/operationoutcome.html">OperationOutcome</a> to inform the Data Source that the attachments are being held for subsequent association to a claim or prior-authorization.</li>
</ul>
</li>
<li><strong>4xx</strong>: Indicates some error in the submission. The client <strong>SHOULD</strong> interpret a 4xx response to indicate that there is no point resubmitting the unaltered operation,</li>
<li><strong>5xx</strong>: Indicates some system error. The client <strong>SHOULD</strong> interpret a 5xx response to indicate an unexpected error occurred on the part of the server, with the implication that it may be appropriate to resubmit the original operation.</li>
<li>The server <strong>SHOULD</strong> return an <a href="http://hl7.org/fhir/operationoutcome.html">OperationOutcome</a> with additional error information if the response code is 400 or greater. For example, if the payer has no knowledge of the claim or prior authorization, the OperationOurtcome can alert submitter to check whether they sent it to the wrong payer.</li>
</ul>
</li>
</ul>
<p>See the <a href="attachments.html">Attachments</a> page for additional guidance and examples.</p>
</div></div></text><url value="http://hl7.org/fhir/us/davinci-cdex/OperationDefinition/submit-attachment"/><version value="0.1.0"/><name value="SubmitAttachment"/><title value="Submit Attachment Operation"/><status value="draft"/><kind value="operation"/><date value="2021-12-02T20:24:41-08:00"/><publisher value="Health eData Inc"/><contact><telecom><system value="email"/><value value="mailto:ehaas@healthedatainc.com"/></telecom></contact><description value="This operation is used to submit attachments (additional information) for Claims or Prior Authorization. This operation accepts the clinical/administrative attachments and the necessary information needed to re-associate them to the claim or prior authorization, and returns a transaction layer HTTP response.  The operation may be invoked *before, at the same time as, or after* the claim or pre-authorization has been supplied to the Payer.  This operation can be used by any HTTP endpoint, not just FHIR RESTful servers.&#xA;&#xA;The input parameters are:&#xA;1. One or more Attachments as FHIR Resources&#xA;1. Data elements for reassociation to the Claim/Prior Authorization&#xA;    - What is the documentation for:&#xA;      - Claim&#xA;      - Prior Authorization&#xA;    - Optionally, a unique payer identifier&#xA;    - A unique claim/prior authorization identifier  (referred to as the &quot;re-association tracking control numbers&quot;)*&#xA;    - Optionally, one or more unique claim line item identifiers&#xA;    - A unique organization/location identifier (e.g., NPI)&#xA;    - A unique provider identifier (e.g., NPI)&#xA;    - A unique Patient member identifier&#xA;    - Date of Service&#xA;&#xA;There are no output parameters."/><code value="submit-attachment"/><comment value="\*Note that an *unsolicited* Claim attachment implies that the provider assigns the tracking control number on the claim and also on the submitted attachments for that claim for re-association. A *solicited* Claim attachments are when the payer assigns the Claim control number and sends the provider a request for additional information for that specific claim. Similarly for Prior Authorization, the prior auth identifier is provider assigned when the attachments are sent upon prior auth generation, and the prior auth identifier is the payer assigned control number when the attachments are in response to a request for additional information by the payer.&#xA;&#xA;The following rules apply when using `$submit-attachment`:&#xA;* The operation's endpoint **SHALL** only accepts `POST` transactions - any other HTTP method **SHALL** result in an HTTP error.&#xA;* The ServiceDate parameter **SHALL** be present and precise to the day if the attachment is for a claim.  It is optional if the attachment is for a prior authorization.&#xA;* For the `Attachment` parameter, Servers **SHALL** support  DocumentReference resource type and **SHOULD** support other types.&#xA;  * The DocumentReference resources can represent the referenced content using either an address where the document can be retrieved using `DocumentReference.attachment.url` or the content as inline base64 encoded data using `DocumentReference.attachment.data`.  The server system is not required to support both an address and inline base64 encoded data, but **SHALL** support at least one of these elements.&#xA;  * These capabilities **SHOULD** be discoverable and documented by the server (for example, in the CapabilityStatement for FHIR Servers).&#xA;* When processing messages, a server may return one of several status codes:&#xA;  * **200 OK**: Indicates that the server has accepted the clinical attachments.&#xA;    * If the attachments can not be associated to an *existing* claim or member, the server **SHOULD** return an [OperationOutcome](http://hl7.org/fhir/operationoutcome.html) to inform the Data Source that the attachments are being held for subsequent association to a claim or prior-authorization.&#xA;  * **4xx**: Indicates some error in the submission. The client **SHOULD** interpret a 4xx response to indicate that there is no point resubmitting the unaltered operation,&#xA;  * **5xx**: Indicates some system error. The client **SHOULD** interpret a 5xx response to indicate an unexpected error occurred on the part of the server, with the implication that it may be appropriate to resubmit the original operation.&#xA;  *  The server **SHOULD** return an [OperationOutcome](http://hl7.org/fhir/operationoutcome.html) with additional error information if the response code is 400 or greater. For example, if the payer has no knowledge of the claim or prior authorization, the OperationOurtcome can alert submitter to check whether they sent it to the wrong payer.&#xA;&#xA;See the [Attachments](attachments.html) page for additional guidance and examples.&#xA;"/><resource value="Claim"/><system value="true"/><type value="false"/><instance value="false"/><parameter><name value="AttachTo"/><use value="in"/><min value="1"/><max value="1"/><documentation value="Whether the additional information is needed for a claim or for prior authorization."/><type value="code"/><binding><strength value="required"/><valueSet value="http://hl7.org/fhir/us/davinci-cdex/ValueSet/cdex-attachment-reason"/></binding></parameter><parameter><name value="PayerId"/><use value="in"/><min value="0"/><max value="1"/><documentation value="The receiving payer identifier. Some endpoints may support multiple payers.  Therefore, this identifier may be required when submitting attachments."/><type value="Identifier"/></parameter><parameter><name value="TrackingId"/><use value="in"/><min value="1"/><max value="1"/><documentation value="Claim/prior authorization identifier value referred to as the &quot;re-association tracking control numbers&quot;*"/><type value="string"/></parameter><parameter><name value="OrganizationId"/><use value="in"/><min value="1"/><max value="1"/><documentation value="Sending organization/location identifier (e.g., NPI)"/><type value="Identifier"/></parameter><parameter><name value="ProviderId"/><use value="in"/><min value="1"/><max value="1"/><documentation value="Sending provider identifier (e.g., NPI)"/><type value="Identifier"/></parameter><parameter><name value="MemberId"/><use value="in"/><min value="1"/><max value="1"/><documentation value="Patient member identifier"/><type value="Identifier"/></parameter><parameter><name value="ServiceDate"/><use value="in"/><min value="0"/><max value="1"/><documentation value="Date of service or starting date of the service for the claim or prior authorization.  This parameter **SHALL** be present and precise to the day if the attachment is for a claim.  It is optional if the attachment is for a prior authorization."/><type value="date"/></parameter><parameter><name value="Attachment"/><use value="in"/><min value="0"/><max value="*"/><documentation value="The attachments being communicated for a Claim or Prior Authorization. They are applied to the ItemId (line items) and/or LOINC parameters if present.  If no ItemId is present, then the attachment is applied to the entire claim or prior authorization."/><part><name value="ItemId"/><use value="in"/><min value="0"/><max value="*"/><documentation value="Claim/prior authorization identifier that uniquely reference a line item in the context of the claim or prior authorization. For a *solicited* Claim or Prior Authorization attachment, this value should be the same as the line items communicated in the request."/><type value="string"/></part><part><name value="code"/><use value="in"/><min value="0"/><max value="*"/><documentation value="LOINC code to identify the specific kind of information being communicated (e.g., a discharge summary or diagnostic imaging report).  For a *solicited* Claim or Prior Authorization attachment, this value should be the same as the LOINC communicated in the request."/><type value="Coding"/><binding><strength value="extensible"/><valueSet value="http://hl7.org/fhir/us/core/ValueSet/us-core-documentreference-type"/></binding></part><part><name value="content"/><use value="in"/><min value="1"/><max value="*"/><documentation value="Attachments as FHIR resources.  Non-FHIR attachments data is conveyed using the DocumentReference or Binary resource. Servers **SHALL** support  DocumentReference resource type and **SHOULD** support other types."/><type value="Resource"/></part></parameter></OperationDefinition>