<?xml version="1.0" encoding="UTF-8"?><OperationDefinition xmlns="http://hl7.org/fhir"><id value="unsolicited-claim"/><text><status value="extensions"/><div xmlns="http://www.w3.org/1999/xhtml"><h2>Unsolicited Claims Attachment Operation</h2><p>OPERATION: Unsolicited Claims Attachment Operation</p><p>The official URL for this operation definition is: </p><pre>http://hl7.org/fhir/us/davinci-cdex/OperationDefinition/unsolicited-claim</pre><div><p>This operation is used to submit an unsolicited claims attachment as a single claim (or simply a reference to a claim) and other referenced resources as attachments for processing. The input parameters are:</p>
<ol>
<li>
<p>Data elements for reassociation to the Claim</p>
<ol>
<li>Attachment Control Number (ACN)</li>
<li>Billed Amount/Charged Amount</li>
<li>Claim #</li>
<li>Patient</li>
<li>Coverage</li>
<li>Encounter</li>
<li>Provider</li>
<li>Organization</li>
</ol>
<p>If a FHIR or X12 representation of Claim is sent with attachment, then these data elements are not needed for reassociation.</p>
</li>
<li>
<p>the claim either as:</p>
<ol>
<li>ASC X12N 278 (Health Care Services Review — Notification and Acknowledgment) and an ASC X12N 275 (Additional Information to Support a Health Care Services Review) or</li>
<li>Claim resource.</li>
</ol>
</li>
<li>
<p>Attachments as FHIR Resources to support the claims review.</p>
</li>
</ol>
<p>There are no output parameters.</p>
</div><p>URL: [base]/Claim/$unsolicited-claim</p><p>Parameters</p><table class="grid"><tr><td><b>Use</b></td><td><b>Name</b></td><td><b>Cardinality</b></td><td><b>Type</b></td><td><b>Binding</b></td><td><b>Documentation</b></td></tr><tr><td>IN</td><td>AttachmentControlNumber</td><td>0..1</td><td><a href="http://hl7.org/fhir/R4/datatypes.html#string">string</a></td><td/><td><div><p>The Attachment Control Number is assigned by the provider which will also be reported in the X12N 275 submission.</p>
</div></td></tr><tr><td>IN</td><td>BilledAmount</td><td>0..1</td><td><a href="http://hl7.org/fhir/R4/datatypes.html#decimal">decimal</a></td><td/><td><div><p>Billed Amount/Charged Amount is the amount charged for each service performed by the provider., i.e., it is the total charge value of the claim.</p>
</div></td></tr><tr><td>IN</td><td>ClaimNumber</td><td>0..1</td><td><a href="http://hl7.org/fhir/R4/datatypes.html#string">string</a></td><td/><td><div><p>A unique identifier assigned by either the provider’s system upon claim generation or a health plan upon receipt.</p>
</div></td></tr><tr><td>IN</td><td>Patient</td><td>0..1</td><td><a href="http://hl7.org/fhir/R4/patient.html">Patient</a></td><td/><td><div><p>A FHIR Patient resource representing the party to whom the professional services and/or products have been supplied or are being considered and for whom actual or forecast reimbursement is sought.</p>
</div></td></tr><tr><td>IN</td><td>Coverage</td><td>0..1</td><td><a href="http://hl7.org/fhir/R4/coverage.html">Coverage</a></td><td/><td><div><p>A FHIR Coverage resource representing the insurance card level information for the Patient o whom the professional services and/or products have been supplied.</p>
</div></td></tr><tr><td>IN</td><td>Encounter</td><td>0..*</td><td><a href="http://hl7.org/fhir/R4/encounter.html">Encounter</a></td><td/><td><div><p>A FHIR Encounter resources during which this Claim was created or to which the creation of this record is tightly associated.</p>
</div></td></tr><tr><td>IN</td><td>Practitioner</td><td>0..1</td><td><a href="http://hl7.org/fhir/R4/practitioner.html">Practitioner</a></td><td/><td><div><p>A FHIR Practitioner resource representing the provider who submitted the claim.</p>
</div></td></tr><tr><td>IN</td><td>Organization</td><td>0..1</td><td><a href="http://hl7.org/fhir/R4/organization.html">Organization</a></td><td/><td><div><p>A FHIR Organization resource representing the provider who submitted the claim.</p>
</div></td></tr><tr><td>IN</td><td>X12Claim</td><td>0..1</td><td><a href="http://hl7.org/fhir/R4/documentreference.html">DocumentReference</a></td><td/><td><div><p>An X12 ASC X12N 278 (Health Care Services Review — Notification and Acknowledgment) and an ASC X12N 275 (Additional Information to Support a Health Care Services Review) binary file or url.</p>
</div></td></tr><tr><td>IN</td><td>FHIRClaim</td><td>0..1</td><td><a href="http://hl7.org/fhir/R4/claim.html">Claim</a></td><td/><td><div><p>A FHIR Claim resource.</p>
</div></td></tr><tr><td>IN</td><td>Attachment</td><td>0..*</td><td><a href="http://hl7.org/fhir/R4/resource.html">Resource</a></td><td/><td><div><p>Attachments as FHIR Resources to support the claims review.</p>
</div></td></tr></table></div></text><url value="http://hl7.org/fhir/us/davinci-cdex/OperationDefinition/unsolicited-claim"/><version value="0.1.0"/><name value="Unsolicited Claims Attachment Operation"/><status value="draft"/><kind value="operation"/><date value="2021-08-04T16:29:11-07:00"/><publisher value="Health eData Inc"/><contact><telecom><system value="email"/><value value="mailto:ehaas@healthedatainc.com"/></telecom></contact><description value="This operation is used to submit an unsolicited claims attachment as a single claim (or simply a reference to a claim) and other referenced resources as attachments for processing. The input parameters are:&#xA;  1.  Data elements for reassociation to the Claim&#xA;      1. Attachment Control Number (ACN)&#xA;      1. Billed Amount/Charged Amount&#xA;      1. Claim #&#xA;      1. Patient&#xA;      1. Coverage&#xA;      1. Encounter&#xA;      1. Provider&#xA;      1. Organization&#xA;&#xA;      If a FHIR or X12 representation of Claim is sent with attachment, then these data elements are not needed for reassociation.&#xA;&#xA;  1.  the claim either as:&#xA;      1.  ASC X12N 278 (Health Care Services Review — Notification and Acknowledgment) and an ASC X12N 275 (Additional Information to Support a Health Care Services Review) or&#xA;      1.  Claim resource.&#xA;&#xA;  1. Attachments as FHIR Resources to support the claims review.&#xA;&#xA;There are no output parameters."/><code value="unsolicited-claim"/><resource value="Claim"/><system value="false"/><type value="true"/><instance value="false"/><parameter><name value="AttachmentControlNumber"/><use value="in"/><min value="0"/><max value="1"/><documentation value="The Attachment Control Number is assigned by the provider which will also be reported in the X12N 275 submission."/><type value="string"/></parameter><parameter><name value="BilledAmount"/><use value="in"/><min value="0"/><max value="1"/><documentation value="Billed Amount/Charged Amount is the amount charged for each service performed by the provider., i.e., it is the total charge value of the claim."/><type value="decimal"/></parameter><parameter><name value="ClaimNumber"/><use value="in"/><min value="0"/><max value="1"/><documentation value="A unique identifier assigned by either the provider’s system upon claim generation or a health plan upon receipt."/><type value="string"/></parameter><parameter><name value="Patient"/><use value="in"/><min value="0"/><max value="1"/><documentation value="A FHIR Patient resource representing the party to whom the professional services and/or products have been supplied or are being considered and for whom actual or forecast reimbursement is sought."/><type value="Patient"/></parameter><parameter><name value="Coverage"/><use value="in"/><min value="0"/><max value="1"/><documentation value="A FHIR Coverage resource representing the insurance card level information for the Patient o whom the professional services and/or products have been supplied."/><type value="Coverage"/></parameter><parameter><name value="Encounter"/><use value="in"/><min value="0"/><max value="*"/><documentation value="A FHIR Encounter resources during which this Claim was created or to which the creation of this record is tightly associated."/><type value="Encounter"/></parameter><parameter><name value="Practitioner"/><use value="in"/><min value="0"/><max value="1"/><documentation value="A FHIR Practitioner resource representing the provider who submitted the claim."/><type value="Practitioner"/></parameter><parameter><name value="Organization"/><use value="in"/><min value="0"/><max value="1"/><documentation value="A FHIR Organization resource representing the provider who submitted the claim."/><type value="Organization"/></parameter><parameter><name value="X12Claim"/><use value="in"/><min value="0"/><max value="1"/><documentation value="An X12 ASC X12N 278 (Health Care Services Review — Notification and Acknowledgment) and an ASC X12N 275 (Additional Information to Support a Health Care Services Review) binary file or url."/><type value="DocumentReference"/></parameter><parameter><name value="FHIRClaim"/><use value="in"/><min value="0"/><max value="1"/><documentation value="A FHIR Claim resource."/><type value="Claim"/></parameter><parameter><name value="Attachment"/><use value="in"/><min value="0"/><max value="*"/><documentation value="Attachments as FHIR Resources to support the claims review."/><type value="Resource"/></parameter></OperationDefinition>