<?xml version="1.0" encoding="UTF-8"?><ValueSet xmlns="http://hl7.org/fhir"><id value="us-core-pregnancy-status-observation-codes"/><text><status value="generated"/><div xmlns="http://www.w3.org/1999/xhtml"><ul><li>Include these codes as defined in <a href="http://loinc.org"><code>http://loinc.org</code></a><table class="none"><tr><td style="white-space:nowrap"><b>Code</b></td><td><b>Display</b></td></tr><tr><td><a href="http://details.loinc.org/LOINC/82810-3.html">82810-3</a></td><td>Pregnancy status</td></tr></table></li></ul></div></text><url value="http://hl7.org/fhir/us/core/ValueSet/us-core-pregnancy-status-observation-codes"/><version value="0.1.0"/><name value="USCorePregnancyStatusObservationCodes"/><title value="US Core Pregnancy Status Observation Codes"/><status value="active"/><date value="2022-08-24"/><publisher value="Health eData Inc"/><contact><telecom><system value="email"/><value value="mailto:ehaas@healthedatainc.com"/></telecom></contact><description value="The US Core Pregnancy Status Observation Codes Value Set is a 'starter set' of concepts to capture pregnancy status."/><copyright value="This material contains content from LOINC (http://loinc.org). LOINC is copyright © 1995-2020, Regenstrief Institute, Inc. and the Logical Observation Identifiers Names and Codes (LOINC) Committee and is available at no cost under the license at http://loinc.org/license. LOINC® is a registered United States trademark of Regenstrief Institute, Inc"/><compose><include><system value="http://loinc.org"/><concept><code value="82810-3"/><display value="Pregnancy status"/></concept></include></compose></ValueSet>