<?xml version="1.0" encoding="UTF-8"?><ValueSet xmlns="http://hl7.org/fhir"><id value="argo-group-characteristic"/><text><status value="generated"/><div xmlns="http://www.w3.org/1999/xhtml"><ul><li>Include all codes defined in <a href="CodeSystem-argo-group-characteristic.html"><code>http://www.fhir.org/guides/sushi-sandbox/CodeSystem/argo-group-characteristic</code></a></li></ul></div></text><url value="http://www.fhir.org/guides/sushi-sandbox/ValueSet/argo-group-characteristic"/><version value="0.1.0"/><name value="ArgonautGroupCharacteristicValueSet"/><title value="Argonaut Group Characteristic Value Set"/><status value="active"/><date value="2021-08-23T17:07:37-07:00"/><publisher value="Health eData Inc"/><contact><telecom><system value="email"/><value value="mailto:ehaas@healthedatainc.com"/></telecom></contact><description value="Used to define group characteristic and limited to &#39;location&#39;or...."/><compose><include><system value="http://www.fhir.org/guides/sushi-sandbox/CodeSystem/argo-group-characteristic"/></include></compose></ValueSet>