<?xml version="1.0" encoding="UTF-8"?><ValueSet xmlns="http://hl7.org/fhir"><id value="us-core-assessment-category"/><text><status value="generated"/><div xmlns="http://www.w3.org/1999/xhtml"><p>This value set includes codes based on the following rules:</p><ul><li>Include all codes defined in <a href="CodeSystem-us-core-category.html"><code>http://hl7.org/fhir/us/core/CodeSystem/us-core-category</code></a></li><li>Include all codes defined in <a href="http://terminology.hl7.org/3.1.0/CodeSystem-observation-category.html"><code>http://terminology.hl7.org/CodeSystem/observation-category</code></a></li></ul></div></text><url value="http://hl7.org/fhir/us/core/ValueSet/us-core-assessment-category"/><version value="0.1.0"/><name value="USCoreAssessmentCategory"/><title value="US Core Assessment Category"/><status value="active"/><experimental value="false"/><date value="2022-09-29"/><publisher value="Health eData Inc"/><contact><telecom><system value="email"/><value value="mailto:ehaas@healthedatainc.com"/></telecom></contact><description value="Used to classify the context of a survey, screening or assessment and may be used to assist with indexing and searching for appropriate instances."/><copyright value="Used by permission of HL7 International, all rights reserved Creative Commons License"/><compose><include><system value="http://hl7.org/fhir/us/core/CodeSystem/us-core-category"/></include><include><system value="http://terminology.hl7.org/CodeSystem/observation-category"/></include></compose></ValueSet>