{
  "resourceType" : "Bundle",
  "id" : "b8030d54-bcc6-4e37-b9c2-61078860b7e5",
  "meta" : {
    "lastUpdated" : "2021-09-12T16:50:58.091-07:00"
  },
  "type" : "collection",
  "entry" : [{
    "fullUrl" : "http://www.fhir.org/guides/sushi-sandbox/ValueSet/argo-group-characteristic",
    "resource" : {
      "resourceType" : "ValueSet",
      "id" : "argo-group-characteristic",
      "text" : {
        "status" : "generated",
        "div" : "<div xmlns=\"http://www.w3.org/1999/xhtml\"><p>This value set contains 4 concepts</p><p style=\"border: black 1px dotted; background-color: #EEEEEE; padding: 8px; margin-bottom: 8px\">Expansion based on <a href=\"CodeSystem-argo-group-characteristic.html\">Argonaut Group Characteristic Code System v0.1.0 (CodeSystem)</a></p><p>All codes in this table are from the system <a href=\"CodeSystem-argo-group-characteristic.html\"><code>http://www.fhir.org/guides/sushi-sandbox/CodeSystem/argo-group-characteristic</code></a></p><table class=\"codes\"><tr><td style=\"white-space:nowrap\"><b>Code</b></td><td><b>Display</b></td><td><b>Definition</b></td></tr><tr><td style=\"white-space:nowrap\"><a name=\"http---www.fhir.org-guides-sushi-sandbox-CodeSystem-argo-group-characteristic-location\"> </a><a href=\"CodeSystem-argo-group-characteristic.html#argo-group-characteristic-location\">location</a></td><td>Location</td><td>Members (Patients) whose care is at the location specified by the value which references the Location resource representing the physical structures managed/operated by an organization (e.g., a ward, building, clinic, etc)</td></tr><tr><td style=\"white-space:nowrap\"><a name=\"http---www.fhir.org-guides-sushi-sandbox-CodeSystem-argo-group-characteristic-team\"> </a><a href=\"CodeSystem-argo-group-characteristic.html#argo-group-characteristic-team\">team</a></td><td>CareTeam</td><td>Members (Patients) who are under the care of the care-team specified by the value which references the CareTeam resource representing the care-team. (e.g., Respiratory Therapy CareTeam, CareTeam blue , etc)</td></tr><tr><td style=\"white-space:nowrap\"><a name=\"http---www.fhir.org-guides-sushi-sandbox-CodeSystem-argo-group-characteristic-organization\"> </a><a href=\"CodeSystem-argo-group-characteristic.html#argo-group-characteristic-organization\">organization</a></td><td>Organization</td><td>Members (Patients) whose care is at the organization specified by the value which references the Organization resource representing the organization. (e.g., Burgess Medical Group)</td></tr><tr><td style=\"white-space:nowrap\"><a name=\"http---www.fhir.org-guides-sushi-sandbox-CodeSystem-argo-group-characteristic-practitioner\"> </a><a href=\"CodeSystem-argo-group-characteristic.html#argo-group-characteristic-practitioner\">practitioner</a></td><td>Practitioner</td><td>Members (Patients) who are under the care of the practitioner specified by the value which references the Practitioner resource representing the practitioner. (e.g., Dr Leung)</td></tr></table></div>"
      },
      "url" : "http://www.fhir.org/guides/sushi-sandbox/ValueSet/argo-group-characteristic",
      "version" : "0.1.0",
      "name" : "ArgonautGroupCharacteristicValueSet",
      "title" : "Argonaut Group Characteristic Value Set",
      "status" : "active",
      "date" : "2021-09-12T16:50:58-07:00",
      "publisher" : "Health eData Inc",
      "contact" : [{
        "telecom" : [{
          "system" : "email",
          "value" : "mailto:ehaas@healthedatainc.com"
        }]
      }],
      "description" : "Used to define group characteristic and limited to 'location'or....",
      "expansion" : {
        "identifier" : "urn:uuid:34fddd59-ef66-4761-8eda-c27489004bcb",
        "timestamp" : "2021-09-12T16:53:07-07:00",
        "total" : 4,
        "parameter" : [{
          "name" : "excludeNested",
          "valueBoolean" : false
        },
        {
          "name" : "version",
          "valueUri" : "http://www.fhir.org/guides/sushi-sandbox/CodeSystem/argo-group-characteristic|0.1.0"
        }],
        "contains" : [{
          "system" : "http://www.fhir.org/guides/sushi-sandbox/CodeSystem/argo-group-characteristic",
          "code" : "location",
          "display" : "Location"
        },
        {
          "system" : "http://www.fhir.org/guides/sushi-sandbox/CodeSystem/argo-group-characteristic",
          "code" : "team",
          "display" : "CareTeam"
        },
        {
          "system" : "http://www.fhir.org/guides/sushi-sandbox/CodeSystem/argo-group-characteristic",
          "code" : "organization",
          "display" : "Organization"
        },
        {
          "system" : "http://www.fhir.org/guides/sushi-sandbox/CodeSystem/argo-group-characteristic",
          "code" : "practitioner",
          "display" : "Practitioner"
        }]
      }
    }
  }]
}