{
  "codeSystems" : [
    {
      "url" : "http://hl7.org/fhir/allergy-intolerance-category",
      "version" : "4.0.1",
      "status" : "draft",
      "name" : "AllergyIntoleranceCategory",
      "title" : "AllergyIntoleranceCategory",
      "description" : "Category of an identified substance associated with allergies or intolerances.",
      "oids" : ["2.16.840.1.113883.4.642.4.134"],
      "uses" : {
      },
      "http://hl7.org/fhir/R4/valueset-allergy-intolerance-category.html" : "AllergyIntoleranceCategory"
    },
    {
      "url" : "http://hl7.org/fhir/allergy-intolerance-criticality",
      "version" : "4.0.1",
      "status" : "draft",
      "name" : "AllergyIntoleranceCriticality",
      "title" : "AllergyIntoleranceCriticality",
      "description" : "Estimate of the potential clinical harm, or seriousness, of a reaction to an identified substance.",
      "oids" : ["2.16.840.1.113883.4.642.4.130"],
      "uses" : {
      },
      "http://hl7.org/fhir/R4/valueset-allergy-intolerance-criticality.html" : "AllergyIntoleranceCriticality"
    },
    {
      "url" : "http://hl7.org/fhir/allergy-intolerance-type",
      "version" : "4.0.1",
      "status" : "draft",
      "name" : "AllergyIntoleranceType",
      "title" : "AllergyIntoleranceType",
      "description" : "Identification of the underlying physiological mechanism for a Reaction Risk.",
      "oids" : ["2.16.840.1.113883.4.642.4.132"],
      "uses" : {
      },
      "http://hl7.org/fhir/R4/valueset-allergy-intolerance-type.html" : "AllergyIntoleranceType"
    },
    {
      "url" : "http://hl7.org/fhir/observation-status",
      "version" : "4.0.1",
      "status" : "active",
      "name" : "ObservationStatus",
      "title" : "ObservationStatus",
      "description" : "Codes providing the status of an observation.",
      "oids" : ["2.16.840.1.113883.4.642.4.401"],
      "uses" : {
      },
      "http://hl7.org/fhir/R4/valueset-observation-status.html" : "ObservationStatus"
    },
    {
      "url" : "http://hl7.org/fhir/quantity-comparator",
      "version" : "4.0.1",
      "status" : "active",
      "name" : "QuantityComparator",
      "title" : "QuantityComparator",
      "description" : "How the Quantity should be understood and represented.",
      "oids" : ["2.16.840.1.113883.4.642.4.60"],
      "uses" : {
      },
      "http://hl7.org/fhir/R4/valueset-quantity-comparator.html" : "QuantityComparator"
    },
    {
      "url" : "http://hl7.org/fhir/reaction-event-severity",
      "version" : "4.0.1",
      "status" : "draft",
      "name" : "AllergyIntoleranceSeverity",
      "title" : "AllergyIntoleranceSeverity",
      "description" : "Clinical assessment of the severity of a reaction event as a whole, potentially considering multiple different manifestations.",
      "oids" : ["2.16.840.1.113883.4.642.4.136"],
      "uses" : {
      },
      "http://hl7.org/fhir/R4/valueset-reaction-event-severity.html" : "AllergyIntoleranceSeverity"
    },
    {
      "url" : "http://loinc.org",
      "version" : "3.1.0",
      "status" : "active",
      "name" : "LOINC",
      "title" : "Logical Observation Identifiers, Names and Codes (LOINC)",
      "description" : "LOINC provides a set of universal names and ID codes for identifying laboratory and clinical test results.1,2 LOINC facilitates the exchange and pooling of results, such as blood hemoglobin, serum potassium, or vital signs, for clinical care, outcomes management, and research. LOINC's universal identifiers (names and codes) can be used in the context of order and observation exchanges between information systems that use syntax standards such as HL73, CEN TC251, ISO TC215, ASTM4, and DICOM. Specifically, the identifier can be used as the coded value for an observation in any other standard that uses the observation/observation value paradigm, whether messages, documents, application programming interface (API), etc. For example, LOINC codes are used widely in the OBX segment Observation Identifier field (OBX-3) of an ORU HL7 (HL7 version 2.x or ASTM 1238-9410) message that may be sent between a Clinical Laboratory Information Management Systems (LIMS) and Electronic Health Record Systems (EHR).5, 6 In this way, LOINC codes provide universal identifiers that allow the exchange of clinical data between heterogeneous computing environments.",
      "oids" : ["2.16.840.1.113883.6.1"],
      "uses" : {
      },
      "http://hl7.org/fhir/us/core/STU5.0.1/ValueSet-us-core-vital-signs.html" : "US Core Vital Signs ValueSet"
    },
    {
      "url" : "http://snomed.info/sct",
      "version" : null,
      "status" : "active",
      "name" : "SNOMED_CT",
      "title" : "SNOMED CT (all versions)",
      "description" : "SNOMED CT is the most comprehensive and precise clinical health terminology product in the world, owned and distributed around the world by The International Health Terminology Standards Development Organisation (IHTSDO).",
      "oids" : ["2.16.840.1.113883.6.96"],
      "uses" : {
      },
      "http://hl7.org/fhir/R4/valueset-route-codes.html" : "SNOMED CT Route Codes",
      "http://hl7.org/fhir/R4/valueset-body-site.html" : "SNOMED CT Body Structures",
      "http://hl7.org/fhir/R4/valueset-substance-code.html" : "Substance Code",
      "http://hl7.org/fhir/R4/valueset-clinical-findings.html" : "SNOMED CT Clinical Findings",
      "http://hl7.org/fhir/R4/valueset-observation-methods.html" : "Observation Methods",
      "http://hl7.org/fhir/R4/valueset-referencerange-appliesto.html" : "Observation Reference Range Applies To Codes"
    },
    {
      "url" : "http://terminology.hl7.org/CodeSystem/allergyintolerance-clinical",
      "version" : "1.0.1",
      "status" : "active",
      "name" : "AllergyIntoleranceClinicalStatusCodes",
      "title" : "AllergyIntolerance Clinical Status Codes",
      "description" : "Preferred value set for AllergyIntolerance Clinical Status.",
      "oids" : ["2.16.840.1.113883.4.642.1.1373"],
      "uses" : {
      },
      "http://hl7.org/fhir/R4/valueset-allergyintolerance-clinical.html" : "AllergyIntolerance Clinical Status Codes"
    },
    {
      "url" : "http://terminology.hl7.org/CodeSystem/allergyintolerance-verification",
      "version" : "1.0.1",
      "status" : "active",
      "name" : "AllergyIntoleranceVerificationStatus",
      "title" : "AllergyIntolerance Verification Status",
      "description" : "The verification status to support or decline the clinical status of the allergy or intolerance.",
      "oids" : ["2.16.840.1.113883.4.642.1.1371"],
      "uses" : {
      },
      "http://hl7.org/fhir/R4/valueset-allergyintolerance-verification.html" : "AllergyIntolerance Verification Status Codes"
    },
    {
      "url" : "http://terminology.hl7.org/CodeSystem/data-absent-reason",
      "version" : "1.0.0",
      "status" : "active",
      "name" : "DataAbsentReason",
      "title" : "DataAbsentReason",
      "description" : "Used to specify why the normally expected content of the data element is missing.",
      "oids" : ["2.16.840.1.113883.4.642.4.1048"],
      "uses" : {
      },
      "http://hl7.org/fhir/R4/valueset-data-absent-reason.html" : "DataAbsentReason"
    },
    {
      "url" : "http://terminology.hl7.org/CodeSystem/observation-category",
      "version" : "1.0.1",
      "status" : "active",
      "name" : "ObservationCategoryCodes",
      "title" : "Observation Category Codes",
      "description" : "Observation Category codes.",
      "oids" : ["2.16.840.1.113883.4.642.1.1125"],
      "uses" : {
      },
      "http://hl7.org/fhir/R4/valueset-observation-category.html" : "Observation Category Codes"
    },
    {
      "url" : "http://terminology.hl7.org/CodeSystem/referencerange-meaning",
      "version" : "1.0.1",
      "status" : "active",
      "name" : "ObservationReferenceRangeMeaningCodes",
      "title" : "Observation Reference Range Meaning Codes",
      "description" : "This value set defines a set of codes that can be used to indicate the meaning/use of a reference range for a particular target population.",
      "oids" : ["2.16.840.1.113883.4.642.1.1124"],
      "uses" : {
      },
      "http://hl7.org/fhir/R4/valueset-referencerange-meaning.html" : "Observation Reference Range Meaning Codes"
    },
    {
      "url" : "http://terminology.hl7.org/CodeSystem/v3-ObservationInterpretation",
      "version" : "3.0.0",
      "status" : "active",
      "name" : "ObservationInterpretation",
      "title" : "ObservationInterpretation",
      "description" : "One or more codes providing a rough qualitative interpretation of the observation, such as \"normal\" / \"abnormal\", \"low\" / \"high\", \"better\" / \"worse\", \"resistant\" / \"susceptible\", \"expected\" / \"not expected\". The value set is intended to be for ANY use where coded representation of an interpretation is needed.",
      "oids" : ["2.16.840.1.113883.5.83"],
      "uses" : {
      },
      "http://hl7.org/fhir/R4/valueset-observation-interpretation.html" : "Observation Interpretation Codes"
    },
    {
      "url" : "http://unitsofmeasure.org",
      "version" : "3.0.0",
      "status" : "active",
      "name" : "UCUM",
      "title" : "Unified Code for Units of Measure (UCUM)",
      "description" : "The Unified Code for Units of Measure (UCUM) is a code system intended to include all units of measures being contemporarily used in international science, engineering, and business. The purpose is to facilitate unambiguous electronic communication of quantities together with their units. The focus is on electronic communication, as opposed to communication between humans. A typical application of The Unified Code for Units of Measure are electronic data interchange (EDI) protocols, but there is nothing that prevents it from being used in other types of machine communication.",
      "oids" : ["2.16.840.1.113883.6.8"],
      "uses" : {
      },
      "http://hl7.org/fhir/R4/valueset-ucum-vitals-common.html" : "Vital Signs Units"
    },
    {
      "url" : "urn:ietf:bcp:47",
      "version" : "2.0.0",
      "status" : "active",
      "name" : "Ietf3066",
      "title" : "Tags for the Identification of Languages",
      "description" : "Older value from OID registry.  Superceded; see recommendations in BCP-47.",
      "oids" : ["2.16.840.1.113883.6.121"],
      "uses" : {
      },
      "http://hl7.org/fhir/R4/valueset-languages.html" : "Common Languages"
    }
  ]
}
