{
  "resourceType" : "Location",
  "id" : "hl7east",
  "meta" : {
    "extension" : [{
      "url" : "http://hl7.org/fhir/StructureDefinition/instance-name",
      "valueString" : "HL7East Example"
    },
    {
      "url" : "http://hl7.org/fhir/StructureDefinition/instance-description",
      "valueMarkdown" : "This is a HL7East example for the *US Core Location Profile*."
    }],
    "profile" : ["http://hl7.org/fhir/us/core/StructureDefinition/us-core-location|0.1.0"]
  },
  "text" : {
    "status" : "generated",
    "div" : "<div xmlns=\"http://www.w3.org/1999/xhtml\"><p><b>Generated Narrative: Location</b><a name=\"hl7east\"> </a><a name=\"hchl7east\"> </a></p><div style=\"display: inline-block; background-color: #d9e0e7; padding: 6px; margin: 4px; border: 1px solid #8da1b4; border-radius: 5px; line-height: 60%\"><p style=\"margin-bottom: 0px\">Resource Location &quot;hl7east&quot; </p><p style=\"margin-bottom: 0px\">Profile: <code>http://hl7.org/fhir/us/core/StructureDefinition/us-core-location|0.1.0</code></p></div><p><b>identifier</b>: <code>http://www.acme.org/location</code>/29</p><p><b>status</b>: active</p><p><b>name</b>: Health Level Seven International - Amherst</p><p><b>description</b>: HL7 Headquarters - East</p><p><b>type</b>: Administrative Office <span style=\"background: LightGoldenRodYellow; margin: 4px; border: 1px solid khaki\"> (<a href=\"http://terminology.hl7.org/3.1.0/CodeSystem-v3-RoleCode.html\">RoleCode</a>#_DedicatedNonClinicalLocationRoleType &quot;DedicatedNonClinicalLocationRoleType&quot;)</span></p><p><b>telecom</b>: ph: (+1) 734-677-7777</p><p><b>address</b>: 3300 Washtenaw Avenue, Suite 227 Amherst MA 01002 USA </p><h3>Positions</h3><table class=\"grid\"><tr><td style=\"display: none\">-</td><td><b>Longitude</b></td><td><b>Latitude</b></td></tr><tr><td style=\"display: none\">*</td><td>-72.519854</td><td>42.373222</td></tr></table><p><b>managingOrganization</b>: <span>: Health Level Seven International</span></p></div>"
  },
  "identifier" : [{
    "system" : "http://www.acme.org/location",
    "value" : "29"
  }],
  "status" : "active",
  "name" : "Health Level Seven International - Amherst",
  "description" : "HL7 Headquarters - East",
  "type" : [{
    "coding" : [{
      "system" : "http://terminology.hl7.org/CodeSystem/v3-RoleCode",
      "code" : "_DedicatedNonClinicalLocationRoleType",
      "display" : "DedicatedNonClinicalLocationRoleType"
    }],
    "text" : "Administrative Office"
  }],
  "telecom" : [{
    "system" : "phone",
    "value" : "(+1) 734-677-7777"
  }],
  "address" : {
    "line" : ["3300 Washtenaw Avenue, Suite 227"],
    "city" : "Amherst",
    "state" : "MA",
    "postalCode" : "01002",
    "country" : "USA"
  },
  "position" : {
    "longitude" : -72.519854,
    "latitude" : 42.373222
  },
  "managingOrganization" : {
    "display" : "Health Level Seven International"
  }
}