{
  "codeSystems" : [
    {
      "url" : "http://cts.nlm.nih.gov/fhir/ValueSet/2.16.840.1.113762.1.4.1186.8",
      "version" : "20210622",
      "status" : "active",
      "name" : "CommonSubstancesForAllergyAndIntoleranceDocumentationIncludingRefutations",
      "title" : "Common substances for allergy and intolerance documentation including refutations",
      "description" : "As noted in https://jira.hl7.org/browse/FHIR-32953, Drug class value set changed 2021-06-21 to align with C-CDA member value set 2.16.840.1.113762.1.4.1114.14",
      "systems" : [
        "http://www.nlm.nih.gov/research/umls/rxnorm",
        "http://snomed.info/sct"
      ],
      "oids" : ["2.16.840.1.113762.1.4.1186.8"],
      "sources" : ["2.16.840.1.113762.1.4.1186.8"],
      "uses" : {
      },
      "StructureDefinition-us-core-allergyintolerance.html" : "US Core AllergyIntolerance Profile"
    },
    {
      "url" : "http://cts.nlm.nih.gov/fhir/ValueSet/2.16.840.1.114222.4.11.3591",
      "version" : "20221118",
      "status" : "active",
      "name" : "PayerType",
      "title" : "Payer Type",
      "description" : "Name changed on 2023-06-02 per JIRA https://jira.hl7.org/browse/FHIR-39982",
      "systems" : ["https://nahdo.org/sopt"],
      "oids" : ["2.16.840.1.114222.4.11.3591"],
      "sources" : ["2.16.840.1.114222.4.11.3591"],
      "uses" : {
      },
      "ValueSet-us-core-source-of-payment.html" : "US Core Source of Payment Value Set"
    },
    {
      "url" : "http://hl7.org/fhir/ValueSet/allergy-intolerance-category",
      "version" : "4.0.1",
      "status" : "draft",
      "name" : "AllergyIntoleranceCategory",
      "title" : "AllergyIntoleranceCategory",
      "description" : "Category of an identified substance associated with allergies or intolerances.",
      "systems" : ["http://hl7.org/fhir/allergy-intolerance-category"],
      "oids" : ["2.16.840.1.113883.4.642.3.133"],
      "sources" : ["2.16.840.1.113883.4.642.3.133"],
      "uses" : {
      },
      "StructureDefinition-us-core-allergyintolerance.html" : "US Core AllergyIntolerance Profile"
    },
    {
      "url" : "http://hl7.org/fhir/ValueSet/allergy-intolerance-criticality",
      "version" : "4.0.1",
      "status" : "draft",
      "name" : "AllergyIntoleranceCriticality",
      "title" : "AllergyIntoleranceCriticality",
      "description" : "Estimate of the potential clinical harm, or seriousness, of a reaction to an identified substance.",
      "systems" : ["http://hl7.org/fhir/allergy-intolerance-criticality"],
      "oids" : ["2.16.840.1.113883.4.642.3.129"],
      "sources" : ["2.16.840.1.113883.4.642.3.129"],
      "uses" : {
      },
      "StructureDefinition-us-core-allergyintolerance.html" : "US Core AllergyIntolerance Profile"
    },
    {
      "url" : "http://hl7.org/fhir/ValueSet/allergy-intolerance-type",
      "version" : "4.0.1",
      "status" : "draft",
      "name" : "AllergyIntoleranceType",
      "title" : "AllergyIntoleranceType",
      "description" : "Identification of the underlying physiological mechanism for a Reaction Risk.",
      "systems" : ["http://hl7.org/fhir/allergy-intolerance-type"],
      "oids" : ["2.16.840.1.113883.4.642.3.131"],
      "sources" : ["2.16.840.1.113883.4.642.3.131"],
      "uses" : {
      },
      "StructureDefinition-us-core-allergyintolerance.html" : "US Core AllergyIntolerance Profile"
    },
    {
      "url" : "http://hl7.org/fhir/ValueSet/allergyintolerance-clinical",
      "version" : "4.0.1",
      "status" : "draft",
      "name" : "AllergyIntoleranceClinicalStatusCodes",
      "title" : "AllergyIntolerance Clinical Status Codes",
      "description" : "Preferred value set for AllergyIntolerance Clinical Status.",
      "systems" : [
        "http://terminology.hl7.org/CodeSystem/allergyintolerance-clinical"
      ],
      "oids" : ["2.16.840.1.113883.4.642.3.1372"],
      "sources" : ["2.16.840.1.113883.4.642.3.1372"],
      "uses" : {
      },
      "StructureDefinition-us-core-allergyintolerance.html" : "US Core AllergyIntolerance Profile"
    },
    {
      "url" : "http://hl7.org/fhir/ValueSet/allergyintolerance-verification",
      "version" : "4.0.1",
      "status" : "draft",
      "name" : "AllergyIntoleranceVerificationStatusCodes",
      "title" : "AllergyIntolerance Verification Status Codes",
      "description" : "Preferred value set for AllergyIntolerance Verification Status.",
      "systems" : [
        "http://terminology.hl7.org/CodeSystem/allergyintolerance-verification"
      ],
      "oids" : ["2.16.840.1.113883.4.642.3.1370"],
      "sources" : ["2.16.840.1.113883.4.642.3.1370"],
      "uses" : {
      },
      "StructureDefinition-us-core-allergyintolerance.html" : "US Core AllergyIntolerance Profile"
    },
    {
      "url" : "http://hl7.org/fhir/ValueSet/body-site",
      "version" : "4.0.1",
      "status" : "draft",
      "name" : "SNOMEDCTBodyStructures",
      "title" : "SNOMED CT Body Structures",
      "description" : "This value set includes all codes from [SNOMED CT](http://snomed.info/sct) where concept is-a 442083009 (Anatomical or acquired body site (body structure)).",
      "systems" : ["http://snomed.info/sct"],
      "oids" : ["2.16.840.1.113883.4.642.3.141"],
      "sources" : ["2.16.840.1.113883.4.642.3.141"],
      "uses" : {
      },
      "StructureDefinition-pediatric-bmi-for-age.html" : "US Core Pediatric BMI for Age Observation Profile",
      "StructureDefinition-us-core-vital-signs.html" : "US Core Vital Signs Profile",
      "StructureDefinition-pediatric-weight-for-height.html" : "US Core Pediatric Weight for Height Observation Profile",
      "StructureDefinition-us-core-blood-pressure.html" : "US Core Blood Pressure Profile"
    },
    {
      "url" : "http://hl7.org/fhir/ValueSet/clinical-findings",
      "version" : "4.0.1",
      "status" : "draft",
      "name" : "SNOMEDCTClinicalFindings",
      "title" : "SNOMED CT Clinical Findings",
      "description" : "This value set includes all the \"Clinical finding\" [SNOMED CT](http://snomed.info/sct) codes - concepts where concept is-a 404684003 (Clinical finding (finding)).",
      "systems" : ["http://snomed.info/sct"],
      "oids" : ["2.16.840.1.113883.4.642.3.232"],
      "sources" : ["2.16.840.1.113883.4.642.3.232"],
      "uses" : {
      },
      "StructureDefinition-us-core-allergyintolerance.html" : "US Core AllergyIntolerance Profile"
    },
    {
      "url" : "http://hl7.org/fhir/ValueSet/data-absent-reason",
      "version" : "4.0.1",
      "status" : "active",
      "name" : "DataAbsentReason",
      "title" : "DataAbsentReason",
      "description" : "Used to specify why the normally expected content of the data element is missing.",
      "systems" : ["http://terminology.hl7.org/CodeSystem/data-absent-reason"],
      "oids" : ["2.16.840.1.113883.4.642.3.5"],
      "sources" : ["2.16.840.1.113883.4.642.3.5"],
      "uses" : {
      },
      "StructureDefinition-pediatric-bmi-for-age.html" : "US Core Pediatric BMI for Age Observation Profile",
      "StructureDefinition-us-core-vital-signs.html" : "US Core Vital Signs Profile",
      "StructureDefinition-pediatric-weight-for-height.html" : "US Core Pediatric Weight for Height Observation Profile",
      "StructureDefinition-us-core-blood-pressure.html" : "US Core Blood Pressure Profile"
    },
    {
      "url" : "http://hl7.org/fhir/ValueSet/languages",
      "version" : "4.0.1",
      "status" : "draft",
      "name" : "CommonLanguages",
      "title" : "Common Languages",
      "description" : "This value set includes common codes from BCP-47 (http://tools.ietf.org/html/bcp47)",
      "systems" : ["urn:ietf:bcp:47"],
      "oids" : ["2.16.840.1.113883.4.642.3.20"],
      "sources" : ["2.16.840.1.113883.4.642.3.20"],
      "uses" : {
      },
      "StructureDefinition-pediatric-bmi-for-age.html" : "US Core Pediatric BMI for Age Observation Profile",
      "StructureDefinition-us-core-vital-signs.html" : "US Core Vital Signs Profile",
      "StructureDefinition-pediatric-weight-for-height.html" : "US Core Pediatric Weight for Height Observation Profile",
      "StructureDefinition-us-core-allergyintolerance.html" : "US Core AllergyIntolerance Profile",
      "StructureDefinition-us-core-blood-pressure.html" : "US Core Blood Pressure Profile"
    },
    {
      "url" : "http://hl7.org/fhir/ValueSet/observation-category",
      "version" : "4.0.1",
      "status" : "draft",
      "name" : "ObservationCategoryCodes",
      "title" : "Observation Category Codes",
      "description" : "Observation Category codes.",
      "systems" : ["http://terminology.hl7.org/CodeSystem/observation-category"],
      "oids" : ["2.16.840.1.113883.4.642.3.403"],
      "sources" : ["2.16.840.1.113883.4.642.3.403"],
      "uses" : {
      },
      "StructureDefinition-pediatric-bmi-for-age.html" : "US Core Pediatric BMI for Age Observation Profile",
      "StructureDefinition-us-core-vital-signs.html" : "US Core Vital Signs Profile",
      "StructureDefinition-pediatric-weight-for-height.html" : "US Core Pediatric Weight for Height Observation Profile",
      "StructureDefinition-us-core-blood-pressure.html" : "US Core Blood Pressure Profile"
    },
    {
      "url" : "http://hl7.org/fhir/ValueSet/observation-interpretation",
      "version" : "4.0.1",
      "status" : "active",
      "name" : "ObservationInterpretationCodes",
      "title" : "Observation Interpretation Codes",
      "description" : "A categorical assessment, providing a rough qualitative interpretation of the observation value,    such as “normal”/ “abnormal”,”low” / “high”, “better” / “worse”, “susceptible” / “resistant”, “expected”/ “not expected”.    The value set is intended to be for ANY use where coded representation of an interpretation is needed.   \r\n   \r\n   Notes:\r\n   \r\n   This is being communicated in v2.x in OBX-8 (Observation Interpretation), in v3 in ObservationInterpretation (CWE) in R1 (Representative Realm) and in FHIR in    Observation.interpretation. Historically these values come from the laboratory domain, and these codes are extensively    used. The value set binding is extensible, so codes outside the value set that are needed for interpretation concepts    (i.e. particular meanings) that are not included in the value set can be used, and these new codes may also be added to    the value set and published in a future version.",
      "systems" : [
        "http://terminology.hl7.org/CodeSystem/v3-ObservationInterpretation"
      ],
      "oids" : ["2.16.840.1.113883.4.642.3.399"],
      "sources" : ["2.16.840.1.113883.4.642.3.399"],
      "uses" : {
      },
      "StructureDefinition-pediatric-bmi-for-age.html" : "US Core Pediatric BMI for Age Observation Profile",
      "StructureDefinition-us-core-vital-signs.html" : "US Core Vital Signs Profile",
      "StructureDefinition-pediatric-weight-for-height.html" : "US Core Pediatric Weight for Height Observation Profile",
      "StructureDefinition-us-core-blood-pressure.html" : "US Core Blood Pressure Profile"
    },
    {
      "url" : "http://hl7.org/fhir/ValueSet/observation-methods",
      "version" : "4.0.1",
      "status" : "draft",
      "name" : "ObservationMethods",
      "title" : "Observation Methods",
      "description" : "Observation Method codes from [SNOMED CT](http://snomed.info/sct) where concept is-a 272394005 (Technique (qualifier value)) or is-a 129264002 (Action (qualifier value)) or is-a 386053000 (Evaluation procedure(procedure))",
      "systems" : ["http://snomed.info/sct"],
      "oids" : ["2.16.840.1.113883.4.642.3.395"],
      "sources" : ["2.16.840.1.113883.4.642.3.395"],
      "uses" : {
      },
      "StructureDefinition-pediatric-bmi-for-age.html" : "US Core Pediatric BMI for Age Observation Profile",
      "StructureDefinition-us-core-vital-signs.html" : "US Core Vital Signs Profile",
      "StructureDefinition-pediatric-weight-for-height.html" : "US Core Pediatric Weight for Height Observation Profile",
      "StructureDefinition-us-core-blood-pressure.html" : "US Core Blood Pressure Profile"
    },
    {
      "url" : "http://hl7.org/fhir/ValueSet/observation-status",
      "version" : "4.0.1",
      "status" : "active",
      "name" : "ObservationStatus",
      "title" : "ObservationStatus",
      "description" : "Codes providing the status of an observation.",
      "systems" : ["http://hl7.org/fhir/observation-status"],
      "oids" : ["2.16.840.1.113883.4.642.3.400"],
      "sources" : ["2.16.840.1.113883.4.642.3.400"],
      "uses" : {
      },
      "StructureDefinition-pediatric-bmi-for-age.html" : "US Core Pediatric BMI for Age Observation Profile",
      "StructureDefinition-us-core-vital-signs.html" : "US Core Vital Signs Profile",
      "StructureDefinition-pediatric-weight-for-height.html" : "US Core Pediatric Weight for Height Observation Profile",
      "StructureDefinition-us-core-blood-pressure.html" : "US Core Blood Pressure Profile"
    },
    {
      "url" : "http://hl7.org/fhir/ValueSet/quantity-comparator",
      "version" : "4.0.1",
      "status" : "active",
      "name" : "QuantityComparator",
      "title" : "QuantityComparator",
      "description" : "How the Quantity should be understood and represented.",
      "systems" : ["http://hl7.org/fhir/quantity-comparator"],
      "oids" : ["2.16.840.1.113883.4.642.3.59"],
      "sources" : ["2.16.840.1.113883.4.642.3.59"],
      "uses" : {
      },
      "StructureDefinition-pediatric-bmi-for-age.html" : "US Core Pediatric BMI for Age Observation Profile",
      "StructureDefinition-pediatric-weight-for-height.html" : "US Core Pediatric Weight for Height Observation Profile",
      "StructureDefinition-us-core-blood-pressure.html" : "US Core Blood Pressure Profile"
    },
    {
      "url" : "http://hl7.org/fhir/ValueSet/reaction-event-severity",
      "version" : "4.0.1",
      "status" : "draft",
      "name" : "AllergyIntoleranceSeverity",
      "title" : "AllergyIntoleranceSeverity",
      "description" : "Clinical assessment of the severity of a reaction event as a whole, potentially considering multiple different manifestations.",
      "systems" : ["http://hl7.org/fhir/reaction-event-severity"],
      "oids" : ["2.16.840.1.113883.4.642.3.135"],
      "sources" : ["2.16.840.1.113883.4.642.3.135"],
      "uses" : {
      },
      "StructureDefinition-us-core-allergyintolerance.html" : "US Core AllergyIntolerance Profile"
    },
    {
      "url" : "http://hl7.org/fhir/ValueSet/referencerange-appliesto",
      "version" : "4.0.1",
      "status" : "draft",
      "name" : "ObservationReferenceRangeAppliesToCodes",
      "title" : "Observation Reference Range Applies To Codes",
      "description" : "This value set defines a set of codes that can be used to indicate the particular target population the reference range applies to.",
      "systems" : [
        "http://terminology.hl7.org/CodeSystem/v3-Race",
        "http://snomed.info/sct"
      ],
      "oids" : ["2.16.840.1.113883.4.642.3.407"],
      "sources" : ["2.16.840.1.113883.4.642.3.407"],
      "uses" : {
      },
      "StructureDefinition-pediatric-bmi-for-age.html" : "US Core Pediatric BMI for Age Observation Profile",
      "StructureDefinition-us-core-vital-signs.html" : "US Core Vital Signs Profile",
      "StructureDefinition-pediatric-weight-for-height.html" : "US Core Pediatric Weight for Height Observation Profile",
      "StructureDefinition-us-core-blood-pressure.html" : "US Core Blood Pressure Profile"
    },
    {
      "url" : "http://hl7.org/fhir/ValueSet/referencerange-meaning",
      "version" : "4.0.1",
      "status" : "draft",
      "name" : "ObservationReferenceRangeMeaningCodes",
      "title" : "Observation Reference Range Meaning Codes",
      "description" : "This value set defines a set of codes that can be used to indicate the meaning/use of a reference range for a particular target population.",
      "systems" : [
        "http://terminology.hl7.org/CodeSystem/referencerange-meaning"
      ],
      "oids" : ["2.16.840.1.113883.4.642.3.397"],
      "sources" : ["2.16.840.1.113883.4.642.3.397"],
      "uses" : {
      },
      "StructureDefinition-pediatric-bmi-for-age.html" : "US Core Pediatric BMI for Age Observation Profile",
      "StructureDefinition-us-core-vital-signs.html" : "US Core Vital Signs Profile",
      "StructureDefinition-pediatric-weight-for-height.html" : "US Core Pediatric Weight for Height Observation Profile",
      "StructureDefinition-us-core-blood-pressure.html" : "US Core Blood Pressure Profile"
    },
    {
      "url" : "http://hl7.org/fhir/ValueSet/route-codes",
      "version" : "4.0.1",
      "status" : "draft",
      "name" : "SNOMEDCTRouteCodes",
      "title" : "SNOMED CT Route Codes",
      "description" : "This value set includes all Route codes from SNOMED CT - provided as an exemplar.",
      "systems" : ["http://snomed.info/sct"],
      "oids" : ["2.16.840.1.113883.4.642.3.98"],
      "sources" : ["2.16.840.1.113883.4.642.3.98"],
      "uses" : {
      },
      "StructureDefinition-us-core-allergyintolerance.html" : "US Core AllergyIntolerance Profile"
    },
    {
      "url" : "http://hl7.org/fhir/ValueSet/substance-code",
      "version" : "4.0.1",
      "status" : "draft",
      "name" : "SubstanceCode",
      "title" : "Substance Code",
      "description" : "This value set contains concept codes for specific substances. It includes codes from [SNOMED](http://snomed.info/sct) where concept is-a 105590001 (Substance (substance)) and where concept is-a 373873005 (Pharmaceutical / biologic product (product))",
      "systems" : ["http://snomed.info/sct"],
      "oids" : ["2.16.840.1.113883.4.642.3.473"],
      "sources" : ["2.16.840.1.113883.4.642.3.473"],
      "uses" : {
      },
      "StructureDefinition-us-core-allergyintolerance.html" : "US Core AllergyIntolerance Profile"
    },
    {
      "url" : "http://hl7.org/fhir/ValueSet/ucum-vitals-common",
      "version" : "4.0.1",
      "status" : "draft",
      "name" : "VitalSignsUnits",
      "title" : "Vital Signs Units",
      "description" : "Common UCUM units for recording Vital Signs",
      "systems" : ["http://unitsofmeasure.org"],
      "oids" : ["2.16.840.1.113883.4.642.3.955"],
      "sources" : ["2.16.840.1.113883.4.642.3.955"],
      "uses" : {
      },
      "StructureDefinition-us-core-vital-signs.html" : "US Core Vital Signs Profile",
      "StructureDefinition-pediatric-bmi-for-age.html" : "US Core Pediatric BMI for Age Observation Profile",
      "StructureDefinition-pediatric-weight-for-height.html" : "US Core Pediatric Weight for Height Observation Profile",
      "StructureDefinition-us-core-blood-pressure.html" : "US Core Blood Pressure Profile"
    },
    {
      "url" : "http://hl7.org/fhir/us/core/ValueSet/birthsex",
      "version" : "5.0.1",
      "status" : "active",
      "name" : "BirthSex",
      "title" : "Birth Sex",
      "description" : "Codes for assigning sex at birth as specified by the [Office of the National Coordinator for Health IT (ONC)](https://www.healthit.gov/newsroom/about-onc)",
      "systems" : [
        "http://terminology.hl7.org/CodeSystem/v3-AdministrativeGender",
        "http://terminology.hl7.org/CodeSystem/v3-NullFlavor"
      ],
      "uses" : {
      },
      "StructureDefinition-us-core-birthsex.html" : "US Core Birth Sex Extension"
    },
    {
      "url" : "http://hl7.org/fhir/us/core/ValueSet/us-core-source-of-payment",
      "version" : "0.1.0",
      "status" : "active",
      "name" : "USCoreSourceofPaymentValueSet",
      "title" : "US Core Source of Payment Value Set",
      "description" : "[US Public Health Data Consortium Source of Payment Codes](https://www.nahdo.org/sites/default/files/2020-12/SourceofPaymentTypologyUsersGuideVersion9.2December2020.pdf) excluding specific payer organizations such as \"BLUE CROSS/BLUE SHIELD\" and  limited to main categories for classification, type of plan and additional subcategories.",
      "systems" : ["https://nahdo.org/sopt"]
    },
    {
      "url" : "http://hl7.org/fhir/us/core/ValueSet/us-core-vital-signs",
      "version" : "5.0.1",
      "status" : "active",
      "name" : "UsCoreVitalSigns",
      "title" : "US Core Vital Signs ValueSet",
      "description" : "The vital sign codes from the base FHIR and US Core Vital Signs.",
      "systems" : ["http://loinc.org"],
      "uses" : {
      },
      "StructureDefinition-us-core-vital-signs.html" : "US Core Vital Signs Profile",
      "StructureDefinition-pediatric-bmi-for-age.html" : "US Core Pediatric BMI for Age Observation Profile",
      "StructureDefinition-pediatric-weight-for-height.html" : "US Core Pediatric Weight for Height Observation Profile",
      "StructureDefinition-us-core-blood-pressure.html" : "US Core Blood Pressure Profile"
    }
  ]
}
