[
  {
    "id": "argo-group-characteristic",
    "type": "CodeSystem",
    "url": "http://www.fhir.org/guides/sushi-sandbox/CodeSystem/argo-group-characteristic",
    "version": "0.1.0",
    "name": "ArgonautGroupCharacteristicCodeSystem"
  },
  {
    "id": "update-type",
    "type": "CodeSystem",
    "url": "http://www.fhir.org/guides/sushi-sandbox/CodeSystem/update-type",
    "version": "0.1.0",
    "name": "DEQMUpdateTypeCodeSystem"
  },
  {
    "id": "healthedatainc.sushi-sandbox",
    "type": "ImplementationGuide",
    "url": "http://www.fhir.org/guides/sushi-sandbox/ImplementationGuide/healthedatainc.sushi-sandbox",
    "version": "0.1.0",
    "name": "SushiSandbox"
  },
  {
    "id": "Group-value-reference",
    "type": "SearchParameter",
    "url": "http://www.fhir.org/guides/sushi-sandbox/SearchParameter/Group-value-reference",
    "version": "0.1.0",
    "name": "GroupValueReference"
  },
  {
    "id": "argo-patientlist",
    "type": "StructureDefinition",
    "url": "http://www.fhir.org/guides/sushi-sandbox/StructureDefinition/argo-patientlist",
    "version": "0.1.0",
    "name": "ArgonautPatientListProfile"
  },
  {
    "id": "argo-patientlist2",
    "type": "StructureDefinition",
    "url": "http://www.fhir.org/guides/sushi-sandbox/StructureDefinition/argo-patientlist2",
    "version": "0.1.0",
    "name": "ArgonautPatientListProfile"
  },
  {
    "id": "extension-measureScoring",
    "type": "StructureDefinition",
    "url": "http://www.fhir.org/guides/sushi-sandbox/StructureDefinition/extension-measureScoring",
    "version": "0.1.0",
    "name": "DEQMMeasureScoring"
  },
  {
    "id": "extension-submitDataUpdateType",
    "type": "StructureDefinition",
    "url": "http://www.fhir.org/guides/sushi-sandbox/StructureDefinition/extension-submitDataUpdateType",
    "version": "0.1.0",
    "name": "DEQMSubmitDataUpdateType"
  },
  {
    "id": "patientlistquestionnaire",
    "type": "StructureDefinition",
    "url": "http://www.fhir.org/guides/sushi-sandbox/StructureDefinition/patientlistquestionnaire",
    "version": "0.1.0",
    "name": "PatientListQuestionnaire"
  },
  {
    "id": "patientlistquestionnaireresponse",
    "type": "StructureDefinition",
    "url": "http://www.fhir.org/guides/sushi-sandbox/StructureDefinition/patientlistquestionnaireresponse",
    "version": "0.1.0",
    "name": "PatientListQuestionnaireResponse"
  },
  {
    "id": "resourcedescription",
    "type": "StructureDefinition",
    "url": "http://www.fhir.org/guides/sushi-sandbox/StructureDefinition/resourcedescription",
    "version": "0.1.0",
    "name": "ResourceDescription"
  },
  {
    "id": "resourcename",
    "type": "StructureDefinition",
    "url": "http://www.fhir.org/guides/sushi-sandbox/StructureDefinition/resourcename",
    "version": "0.1.0",
    "name": "ResourceName"
  },
  {
    "id": "argo-group-characteristic",
    "type": "ValueSet",
    "url": "http://www.fhir.org/guides/sushi-sandbox/ValueSet/argo-group-characteristic",
    "version": "0.1.0",
    "name": "ArgonautGroupCharacteristicValueSet"
  },
  {
    "id": "update-type",
    "type": "ValueSet",
    "url": "http://www.fhir.org/guides/sushi-sandbox/ValueSet/update-type",
    "version": "0.1.0",
    "name": "DEQMUpdateTypeValueSet"
  }
]