[
  {
    "id": "unsolicited-claim",
    "type": "OperationDefinition",
    "url": "http://hl7.org/fhir/us/davinci-cdex/OperationDefinition/unsolicited-claim",
    "version": "0.1.0",
    "name": "Unsolicited Claims Attachment Operation"
  },
  {
    "id": "uscore-servicerequest",
    "type": "StructureDefinition",
    "url": "http://hl7.org/fhir/us/uscore/StructureDefinition/uscore-servicerequest",
    "version": "0.1.0",
    "name": "USCoreServiceRequest"
  },
  {
    "id": "extension-modality",
    "type": "StructureDefinition",
    "url": "http://www.fhir.org/guides/argonaut/argo-write/StructureDefinition/extension-modality",
    "version": "0.1.0",
    "name": "ModalityExtension"
  },
  {
    "id": "test",
    "type": "CapabilityStatement",
    "url": "http://www.fhir.org/guides/sushi-sandbox/CapabilityStatement/test",
    "version": "0.1.0",
    "name": "Test"
  },
  {
    "id": "argo-group-characteristic",
    "type": "CodeSystem",
    "url": "http://www.fhir.org/guides/sushi-sandbox/CodeSystem/argo-group-characteristic",
    "version": "0.1.0",
    "name": "ArgonautGroupCharacteristicCodeSystem"
  },
  {
    "id": "healthedatainc.sushi-sandbox",
    "type": "ImplementationGuide",
    "url": "http://www.fhir.org/guides/sushi-sandbox/ImplementationGuide/healthedatainc.sushi-sandbox",
    "version": "0.1.0",
    "name": "SushiSandbox"
  },
  {
    "id": "Group-value-reference",
    "type": "SearchParameter",
    "url": "http://www.fhir.org/guides/sushi-sandbox/SearchParameter/Group-value-reference",
    "version": "0.1.0",
    "name": "GroupValueReference"
  },
  {
    "id": "argo-patientlist",
    "type": "StructureDefinition",
    "url": "http://www.fhir.org/guides/sushi-sandbox/StructureDefinition/argo-patientlist",
    "version": "0.1.0",
    "name": "ArgonautPatientListProfile"
  },
  {
    "id": "argo-patientlist2",
    "type": "StructureDefinition",
    "url": "http://www.fhir.org/guides/sushi-sandbox/StructureDefinition/argo-patientlist2",
    "version": "0.1.0",
    "name": "ArgonautPatientListProfile"
  },
  {
    "id": "argo-write-observation",
    "type": "StructureDefinition",
    "url": "http://www.fhir.org/guides/sushi-sandbox/StructureDefinition/argo-write-observation",
    "version": "0.1.0",
    "name": "ArgoWriteObservationProfile"
  },
  {
    "id": "patientlistquestionnaire",
    "type": "StructureDefinition",
    "url": "http://www.fhir.org/guides/sushi-sandbox/StructureDefinition/patientlistquestionnaire",
    "version": "0.1.0",
    "name": "PatientListQuestionnaire"
  },
  {
    "id": "patientlistquestionnaireresponse",
    "type": "StructureDefinition",
    "url": "http://www.fhir.org/guides/sushi-sandbox/StructureDefinition/patientlistquestionnaireresponse",
    "version": "0.1.0",
    "name": "PatientListQuestionnaireResponse"
  },
  {
    "id": "argo-group-characteristic",
    "type": "ValueSet",
    "url": "http://www.fhir.org/guides/sushi-sandbox/ValueSet/argo-group-characteristic",
    "version": "0.1.0",
    "name": "ArgonautGroupCharacteristicValueSet"
  }
]