{
  "resourceType": "CodeSystem",
  "id": "backport-content-code-system",
  "text": {
    "status": "generated",
    "div": "<div xmlns=\"http://www.w3.org/1999/xhtml\"><p>This code system http://www.fhir.org/guides/healthedata1-sandbox/CodeSystem/backport-content-code-system defines the following codes:</p><table class=\"codes\"><tr><td style=\"white-space:nowrap\"><b>Code</b></td><td><b>Display</b></td><td><b>Definition</b></td></tr><tr><td style=\"white-space:nowrap\">empty<a name=\"backport-content-code-system-empty\"> </a></td><td>Empty</td><td>No resource content is transacted in the notification payload.</td></tr><tr><td style=\"white-space:nowrap\">id-only<a name=\"backport-content-code-system-id-only\"> </a></td><td>Id Only</td><td>Only the resource id is transacted in the notification payload.</td></tr><tr><td style=\"white-space:nowrap\">full-resource<a name=\"backport-content-code-system-full-resource\"> </a></td><td>Full Resource</td><td>The entire resource is transacted in the notification payload.</td></tr></table></div>"
  },
  "url": "http://www.fhir.org/guides/healthedata1-sandbox/CodeSystem/backport-content-code-system",
  "version": "0.1.0",
  "name": "BackportContentCodeSystem",
  "title": "Backported R5 Subscription Content Code System",
  "status": "active",
  "date": "2021-12-03T21:52:00-08:00",
  "publisher": "Health eData Inc",
  "contact": [
    {
      "telecom": [
        {
          "system": "email",
          "value": "mailto:ehaas@healthedatainc.com"
        }
      ]
    }
  ],
  "description": "Codes to represent how much resource content to send in the notification payload.",
  "content": "complete",
  "count": 3,
  "concept": [
    {
      "code": "empty",
      "display": "Empty",
      "definition": "No resource content is transacted in the notification payload."
    },
    {
      "code": "id-only",
      "display": "Id Only",
      "definition": "Only the resource id is transacted in the notification payload."
    },
    {
      "code": "full-resource",
      "display": "Full Resource",
      "definition": "The entire resource is transacted in the notification payload."
    }
  ]
}