{
  "resourceType": "CodeSystem",
  "id": "argo-group-characteristic",
  "text": {
    "status": "generated",
    "div": "<div xmlns=\"http://www.w3.org/1999/xhtml\"><p>This code system http://www.fhir.org/guides/sushi-sandbox/CodeSystem/argo-group-characteristic defines the following codes:</p><table class=\"codes\"><tr><td style=\"white-space:nowrap\"><b>Code</b></td><td><b>Display</b></td><td><b>Definition</b></td></tr><tr><td style=\"white-space:nowrap\">location<a name=\"argo-group-characteristic-location\"> </a></td><td>Location</td><td>Patients are all at the location specified by the value which names the physical structures managed/operated by an organization (e.g., a ward, building, clinic, etc)</td></tr></table></div>"
  },
  "url": "http://www.fhir.org/guides/sushi-sandbox/CodeSystem/argo-group-characteristic",
  "version": "0.1.0",
  "name": "ArgonautGroupCharacteristicCodeSystem",
  "title": "Argonaut Group Characteristic Code System",
  "status": "active",
  "date": "2020-09-02T12:28:23-07:00",
  "publisher": "Health eData Inc",
  "contact": [
    {
      "telecom": [
        {
          "system": "email",
          "value": "mailto:ehaas@healthedatainc.com"
        }
      ]
    }
  ],
  "description": "Used to define group characteristic and limited to 'location'|...",
  "content": "complete",
  "count": 1,
  "concept": [
    {
      "code": "location",
      "display": "Location",
      "definition": "Patients are all at the location specified by the value which names the physical structures managed/operated by an organization (e.g., a ward, building, clinic, etc)"
    }
  ]
}