<?xml version="1.0" encoding="UTF-8"?>

<Bundle xmlns="http://hl7.org/fhir">
  <id value="db703ea8-c065-4fe1-9f6f-fbbc610c7b92"/>
  <meta>
    <lastUpdated value="2022-12-08T22:58:04.396-08:00"/>
  </meta>
  <type value="collection"/>
  <entry>
    <fullUrl value="http://hl7.org/fhir/us/core/ValueSet/us-core-assessment-category"/>
    <resource>
      <ValueSet>
        <id value="us-core-assessment-category"/>
        <text>
          <status value="generated"/>
          <div xmlns="http://www.w3.org/1999/xhtml">
            <p>This value set contains 13 concepts</p>
            <div style="border: black 1px dotted; background-color: #EEEEEE; padding: 8px; margin-bottom: 8px">
              <p>Expansion based on: </p>
              <ul>
                <li>
                  <a href="CodeSystem-us-core-category.html">US Core Category v0.1.0 (CodeSystem)</a>
                </li>
                <li>
                  <a href="http://terminology.hl7.org/3.1.0/CodeSystem-observation-category.html">Observation Category Codes v0.1.0 (CodeSystem)</a>
                </li>
              </ul>
            </div>
            <table class="codes">
              <tr>
                <td style="white-space:nowrap">
                  <b>Code</b>
                </td>
                <td>
                  <b>System</b>
                </td>
                <td>
                  <b>Display</b>
                </td>
                <td>
                  <b>Definition</b>
                </td>
              </tr>
              <tr>
                <td style="white-space:nowrap">
                  <a name="http---hl7.org-fhir-us-core-CodeSystem-us-core-category-sdoh"> </a>  
                  <a href="CodeSystem-us-core-category.html#us-core-category-sdoh">sdoh</a>
                </td>
                <td>http://hl7.org/fhir/us/core/CodeSystem/us-core-category</td>
                <td>SDOH</td>
                <td>
                  <div>
                    <p>Social Determinants of Health category</p>

                  </div>
                </td>
              </tr>
              <tr>
                <td style="white-space:nowrap">
                  <a name="http---hl7.org-fhir-us-core-CodeSystem-us-core-category-functional-status"> </a>  
                  <a href="CodeSystem-us-core-category.html#us-core-category-functional-status">functional-status</a>
                </td>
                <td>http://hl7.org/fhir/us/core/CodeSystem/us-core-category</td>
                <td>Functional Status</td>
                <td>
                  <div>
                    <p>Functional Status category</p>

                  </div>
                </td>
              </tr>
              <tr>
                <td style="white-space:nowrap">
                  <a name="http---hl7.org-fhir-us-core-CodeSystem-us-core-category-disability-status"> </a>  
                  <a href="CodeSystem-us-core-category.html#us-core-category-disability-status">disability-status</a>
                </td>
                <td>http://hl7.org/fhir/us/core/CodeSystem/us-core-category</td>
                <td>Disability Status</td>
                <td>
                  <div>
                    <p>Disability Status category</p>

                  </div>
                </td>
              </tr>
              <tr>
                <td style="white-space:nowrap">
                  <a name="http---hl7.org-fhir-us-core-CodeSystem-us-core-category-cognitive-status"> </a>  
                  <a href="CodeSystem-us-core-category.html#us-core-category-cognitive-status">cognitive-status</a>
                </td>
                <td>http://hl7.org/fhir/us/core/CodeSystem/us-core-category</td>
                <td>Cognitive Status</td>
                <td>
                  <div>
                    <p>Cognitive Status category</p>

                  </div>
                </td>
              </tr>
              <tr>
                <td style="white-space:nowrap">
                  <a name="http---terminology.hl7.org-CodeSystem-observation-category-social-history"> </a>  
                  <a href="http://terminology.hl7.org/3.1.0/CodeSystem-observation-category.html#observation-category-social-history">social-history</a>
                </td>
                <td>http://terminology.hl7.org/CodeSystem/observation-category</td>
                <td>Social History</td>
                <td>
                  <div>
                    <p>Social History Observations define the patient's occupational, personal (e.g., lifestyle), social, familial, and environmental history and health risk factors that may impact the patient's health.</p>

                  </div>
                </td>
              </tr>
              <tr>
                <td style="white-space:nowrap">
                  <a name="http---terminology.hl7.org-CodeSystem-observation-category-vital-signs"> </a>  
                  <a href="http://terminology.hl7.org/3.1.0/CodeSystem-observation-category.html#observation-category-vital-signs">vital-signs</a>
                </td>
                <td>http://terminology.hl7.org/CodeSystem/observation-category</td>
                <td>Vital Signs</td>
                <td>
                  <div>
                    <p>Clinical observations measure the body's basic functions such as blood pressure, heart rate, respiratory rate, height, weight, body mass index, head circumference, pulse oximetry, temperature, and body surface area.</p>

                  </div>
                </td>
              </tr>
              <tr>
                <td style="white-space:nowrap">
                  <a name="http---terminology.hl7.org-CodeSystem-observation-category-imaging"> </a>  
                  <a href="http://terminology.hl7.org/3.1.0/CodeSystem-observation-category.html#observation-category-imaging">imaging</a>
                </td>
                <td>http://terminology.hl7.org/CodeSystem/observation-category</td>
                <td>Imaging</td>
                <td>
                  <div>
                    <p>Observations generated by imaging. The scope includes observations regarding plain x-ray, ultrasound, CT, MRI, angiography, echocardiography, and nuclear medicine.</p>

                  </div>
                </td>
              </tr>
              <tr>
                <td style="white-space:nowrap">
                  <a name="http---terminology.hl7.org-CodeSystem-observation-category-laboratory"> </a>  
                  <a href="http://terminology.hl7.org/3.1.0/CodeSystem-observation-category.html#observation-category-laboratory">laboratory</a>
                </td>
                <td>http://terminology.hl7.org/CodeSystem/observation-category</td>
                <td>Laboratory</td>
                <td>
                  <div>
                    <p>The results of observations generated by laboratories.  Laboratory results are typically generated by laboratories providing analytic services in areas such as chemistry, hematology, serology, histology, cytology, anatomic pathology (including digital pathology), microbiology, and/or virology. These observations are based on analysis of specimens obtained from the patient and submitted to the laboratory.</p>

                  </div>
                </td>
              </tr>
              <tr>
                <td style="white-space:nowrap">
                  <a name="http---terminology.hl7.org-CodeSystem-observation-category-procedure"> </a>  
                  <a href="http://terminology.hl7.org/3.1.0/CodeSystem-observation-category.html#observation-category-procedure">procedure</a>
                </td>
                <td>http://terminology.hl7.org/CodeSystem/observation-category</td>
                <td>Procedure</td>
                <td>
                  <div>
                    <p>Observations generated by other procedures.  This category includes observations resulting from interventional and non-interventional procedures excluding laboratory and imaging (e.g., cardiology catheterization, endoscopy, electrodiagnostics, etc.).  Procedure results are typically generated by a clinician to provide more granular information about component observations made during a procedure.  An example would be when a gastroenterologist reports the size of a polyp observed during a colonoscopy.</p>

                  </div>
                </td>
              </tr>
              <tr>
                <td style="white-space:nowrap">
                  <a name="http---terminology.hl7.org-CodeSystem-observation-category-survey"> </a>  
                  <a href="http://terminology.hl7.org/3.1.0/CodeSystem-observation-category.html#observation-category-survey">survey</a>
                </td>
                <td>http://terminology.hl7.org/CodeSystem/observation-category</td>
                <td>Survey</td>
                <td>
                  <div>
                    <p>Assessment tool/survey instrument observations (e.g., Apgar Scores, Montreal Cognitive Assessment (MoCA)).</p>

                  </div>
                </td>
              </tr>
              <tr>
                <td style="white-space:nowrap">
                  <a name="http---terminology.hl7.org-CodeSystem-observation-category-exam"> </a>  
                  <a href="http://terminology.hl7.org/3.1.0/CodeSystem-observation-category.html#observation-category-exam">exam</a>
                </td>
                <td>http://terminology.hl7.org/CodeSystem/observation-category</td>
                <td>Exam</td>
                <td>
                  <div>
                    <p>Observations generated by physical exam findings including direct observations made by a clinician and use of simple instruments and the result of simple maneuvers performed directly on the patient's body.</p>

                  </div>
                </td>
              </tr>
              <tr>
                <td style="white-space:nowrap">
                  <a name="http---terminology.hl7.org-CodeSystem-observation-category-therapy"> </a>  
                  <a href="http://terminology.hl7.org/3.1.0/CodeSystem-observation-category.html#observation-category-therapy">therapy</a>
                </td>
                <td>http://terminology.hl7.org/CodeSystem/observation-category</td>
                <td>Therapy</td>
                <td>
                  <div>
                    <p>Observations generated by non-interventional treatment protocols (e.g. occupational, physical, radiation, nutritional and medication therapy)</p>

                  </div>
                </td>
              </tr>
              <tr>
                <td style="white-space:nowrap">
                  <a name="http---terminology.hl7.org-CodeSystem-observation-category-activity"> </a>  
                  <a href="http://terminology.hl7.org/3.1.0/CodeSystem-observation-category.html#observation-category-activity">activity</a>
                </td>
                <td>http://terminology.hl7.org/CodeSystem/observation-category</td>
                <td>Activity</td>
                <td>
                  <div>
                    <p>Observations that measure or record any bodily activity that enhances or maintains physical fitness and overall health and wellness.  Not under direct supervision of practitioner such as a physical therapist. (e.g., laps swum, steps, sleep data)</p>

                  </div>
                </td>
              </tr>
            </table>
          </div>
        </text>
        <url value="http://hl7.org/fhir/us/core/ValueSet/us-core-assessment-category"/>
        <version value="0.1.0"/>
        <name value="USCoreAssessmentCategory"/>
        <title value="US Core Assessment Category"/>
        <status value="active"/>
        <experimental value="false"/>
        <date value="2022-09-29"/>
        <publisher value="Health eData Inc"/>
        <contact>
          <telecom>
            <system value="email"/>
            <value value="mailto:ehaas@healthedatainc.com"/>
          </telecom>
        </contact>
        <description value="Used to classify the context of a survey, screening or assessment and may be used to assist with indexing and searching for appropriate instances."/>
        <copyright value="Used by permission of HL7 International, all rights reserved Creative Commons License"/>
        <expansion>
          <identifier value="urn:uuid:1feb5eb8-d98c-4a52-8539-ed7003ec09e5"/>
          <timestamp value="2022-12-08T22:58:39-08:00"/>
          <total value="13"/>
          <parameter>
            <name value="excludeNested"/>
            <valueBoolean value="false"/>
          </parameter>
          <parameter>
            <name value="version"/>
            <valueUri value="http://hl7.org/fhir/us/core/CodeSystem/us-core-category|0.1.0"/>
          </parameter>
          <parameter>
            <name value="version"/>
            <valueUri value="http://terminology.hl7.org/CodeSystem/observation-category|0.1.0"/>
          </parameter>
          <contains>
            <system value="http://hl7.org/fhir/us/core/CodeSystem/us-core-category"/>
            <code value="sdoh"/>
            <display value="SDOH"/>
          </contains>
          <contains>
            <system value="http://hl7.org/fhir/us/core/CodeSystem/us-core-category"/>
            <code value="functional-status"/>
            <display value="Functional Status"/>
          </contains>
          <contains>
            <system value="http://hl7.org/fhir/us/core/CodeSystem/us-core-category"/>
            <code value="disability-status"/>
            <display value="Disability Status"/>
          </contains>
          <contains>
            <system value="http://hl7.org/fhir/us/core/CodeSystem/us-core-category"/>
            <code value="cognitive-status"/>
            <display value="Cognitive Status"/>
          </contains>
          <contains>
            <system value="http://terminology.hl7.org/CodeSystem/observation-category"/>
            <code value="social-history"/>
            <display value="Social History"/>
          </contains>
          <contains>
            <system value="http://terminology.hl7.org/CodeSystem/observation-category"/>
            <code value="vital-signs"/>
            <display value="Vital Signs"/>
          </contains>
          <contains>
            <system value="http://terminology.hl7.org/CodeSystem/observation-category"/>
            <code value="imaging"/>
            <display value="Imaging"/>
          </contains>
          <contains>
            <system value="http://terminology.hl7.org/CodeSystem/observation-category"/>
            <code value="laboratory"/>
            <display value="Laboratory"/>
          </contains>
          <contains>
            <system value="http://terminology.hl7.org/CodeSystem/observation-category"/>
            <code value="procedure"/>
            <display value="Procedure"/>
          </contains>
          <contains>
            <system value="http://terminology.hl7.org/CodeSystem/observation-category"/>
            <code value="survey"/>
            <display value="Survey"/>
          </contains>
          <contains>
            <system value="http://terminology.hl7.org/CodeSystem/observation-category"/>
            <code value="exam"/>
            <display value="Exam"/>
          </contains>
          <contains>
            <system value="http://terminology.hl7.org/CodeSystem/observation-category"/>
            <code value="therapy"/>
            <display value="Therapy"/>
          </contains>
          <contains>
            <system value="http://terminology.hl7.org/CodeSystem/observation-category"/>
            <code value="activity"/>
            <display value="Activity"/>
          </contains>
        </expansion>
      </ValueSet>
    </resource>
  </entry>
</Bundle>