{
  "resourceType": "ImplementationGuide",
  "id": "healthedatainc.sushi-sandbox",
  "text": {
    "status": "extensions",
    "div": "<div xmlns=\"http://www.w3.org/1999/xhtml\"><h2>SushiSandbox</h2><p>The official URL for this implementation guide is: </p><pre>http://www.fhir.org/guides/sushi-sandbox/ImplementationGuide/healthedatainc.sushi-sandbox</pre><div><p>This is a sushi sandbox for creation of resources and examples</p>\n</div></div>"
  },
  "url": "http://www.fhir.org/guides/sushi-sandbox/ImplementationGuide/healthedatainc.sushi-sandbox",
  "version": "0.1.0",
  "name": "SushiSandbox",
  "title": "Sushi Sandbox",
  "status": "active",
  "date": "2021-09-22T17:58:21-07:00",
  "publisher": "Health eData Inc",
  "contact": [
    {
      "telecom": [
        {
          "system": "email",
          "value": "mailto:ehaas@healthedatainc.com"
        }
      ]
    }
  ],
  "description": "This is a sushi sandbox for creation of resources and examples",
  "packageId": "healthedatainc.sushi-sandbox",
  "license": "CC0-1.0",
  "fhirVersion": [
    "4.0.1"
  ],
  "dependsOn": [
    {
      "id": "hl7_fhir_us_core",
      "uri": "http://hl7.org/fhir/us/core/ImplementationGuide/hl7.fhir.us.core",
      "packageId": "hl7.fhir.us.core",
      "version": "4.0.0"
    }
  ],
  "definition": {
    "extension": [
      {
        "extension": [
          {
            "url": "code",
            "valueString": "copyrightyear"
          },
          {
            "url": "value",
            "valueString": "2020+"
          }
        ],
        "url": "http://hl7.org/fhir/tools/StructureDefinition/ig-parameter"
      },
      {
        "extension": [
          {
            "url": "code",
            "valueString": "releaselabel"
          },
          {
            "url": "value",
            "valueString": "CI Build"
          }
        ],
        "url": "http://hl7.org/fhir/tools/StructureDefinition/ig-parameter"
      },
      {
        "extension": [
          {
            "url": "code",
            "valueString": "show-inherited-invariants"
          },
          {
            "url": "value",
            "valueString": "false"
          }
        ],
        "url": "http://hl7.org/fhir/tools/StructureDefinition/ig-parameter"
      },
      {
        "extension": [
          {
            "url": "code",
            "valueString": "usage-stats-opt-out"
          },
          {
            "url": "value",
            "valueString": "false"
          }
        ],
        "url": "http://hl7.org/fhir/tools/StructureDefinition/ig-parameter"
      },
      {
        "extension": [
          {
            "url": "code",
            "valueString": "path-output"
          },
          {
            "url": "value",
            "valueString": "docs"
          }
        ],
        "url": "http://hl7.org/fhir/tools/StructureDefinition/ig-parameter"
      },
      {
        "extension": [
          {
            "url": "code",
            "valueString": "excludexml"
          },
          {
            "url": "value",
            "valueString": "true"
          }
        ],
        "url": "http://hl7.org/fhir/tools/StructureDefinition/ig-parameter"
      },
      {
        "extension": [
          {
            "url": "code",
            "valueString": "escludejsn"
          },
          {
            "url": "value",
            "valueString": "false"
          }
        ],
        "url": "http://hl7.org/fhir/tools/StructureDefinition/ig-parameter"
      },
      {
        "extension": [
          {
            "url": "code",
            "valueString": "excludettl"
          },
          {
            "url": "value",
            "valueString": "true"
          }
        ],
        "url": "http://hl7.org/fhir/tools/StructureDefinition/ig-parameter"
      },
      {
        "extension": [
          {
            "url": "code",
            "valueString": "excludemap"
          },
          {
            "url": "value",
            "valueString": "true"
          }
        ],
        "url": "http://hl7.org/fhir/tools/StructureDefinition/ig-parameter"
      },
      {
        "extension": [
          {
            "url": "code",
            "valueString": "excludeexample"
          },
          {
            "url": "value",
            "valueString": "true"
          }
        ],
        "url": "http://hl7.org/fhir/tools/StructureDefinition/ig-parameter"
      },
      {
        "extension": [
          {
            "url": "code",
            "valueString": "autoload-resources"
          },
          {
            "url": "value",
            "valueString": "true"
          }
        ],
        "url": "http://hl7.org/fhir/tools/StructureDefinition/ig-parameter"
      },
      {
        "extension": [
          {
            "url": "code",
            "valueString": "path-liquid"
          },
          {
            "url": "value",
            "valueString": "template/liquid"
          }
        ],
        "url": "http://hl7.org/fhir/tools/StructureDefinition/ig-parameter"
      },
      {
        "extension": [
          {
            "url": "code",
            "valueString": "path-liquid"
          },
          {
            "url": "value",
            "valueString": "input/liquid"
          }
        ],
        "url": "http://hl7.org/fhir/tools/StructureDefinition/ig-parameter"
      },
      {
        "extension": [
          {
            "url": "code",
            "valueString": "path-qa"
          },
          {
            "url": "value",
            "valueString": "temp/qa"
          }
        ],
        "url": "http://hl7.org/fhir/tools/StructureDefinition/ig-parameter"
      },
      {
        "extension": [
          {
            "url": "code",
            "valueString": "path-temp"
          },
          {
            "url": "value",
            "valueString": "temp/pages"
          }
        ],
        "url": "http://hl7.org/fhir/tools/StructureDefinition/ig-parameter"
      },
      {
        "extension": [
          {
            "url": "code",
            "valueString": "path-suppressed-warnings"
          },
          {
            "url": "value",
            "valueString": "input/ignoreWarnings.txt"
          }
        ],
        "url": "http://hl7.org/fhir/tools/StructureDefinition/ig-parameter"
      },
      {
        "extension": [
          {
            "url": "code",
            "valueString": "path-history"
          },
          {
            "url": "value",
            "valueString": "http://www.fhir.org/guides/sushi-sandbox/history.html"
          }
        ],
        "url": "http://hl7.org/fhir/tools/StructureDefinition/ig-parameter"
      },
      {
        "extension": [
          {
            "url": "code",
            "valueString": "template-html"
          },
          {
            "url": "value",
            "valueString": "template-page.html"
          }
        ],
        "url": "http://hl7.org/fhir/tools/StructureDefinition/ig-parameter"
      },
      {
        "extension": [
          {
            "url": "code",
            "valueString": "template-md"
          },
          {
            "url": "value",
            "valueString": "template-page-md.html"
          }
        ],
        "url": "http://hl7.org/fhir/tools/StructureDefinition/ig-parameter"
      },
      {
        "extension": [
          {
            "url": "code",
            "valueString": "apply-contact"
          },
          {
            "url": "value",
            "valueString": "true"
          }
        ],
        "url": "http://hl7.org/fhir/tools/StructureDefinition/ig-parameter"
      },
      {
        "extension": [
          {
            "url": "code",
            "valueString": "apply-context"
          },
          {
            "url": "value",
            "valueString": "true"
          }
        ],
        "url": "http://hl7.org/fhir/tools/StructureDefinition/ig-parameter"
      },
      {
        "extension": [
          {
            "url": "code",
            "valueString": "apply-copyright"
          },
          {
            "url": "value",
            "valueString": "true"
          }
        ],
        "url": "http://hl7.org/fhir/tools/StructureDefinition/ig-parameter"
      },
      {
        "extension": [
          {
            "url": "code",
            "valueString": "apply-jurisdiction"
          },
          {
            "url": "value",
            "valueString": "true"
          }
        ],
        "url": "http://hl7.org/fhir/tools/StructureDefinition/ig-parameter"
      },
      {
        "extension": [
          {
            "url": "code",
            "valueString": "apply-license"
          },
          {
            "url": "value",
            "valueString": "true"
          }
        ],
        "url": "http://hl7.org/fhir/tools/StructureDefinition/ig-parameter"
      },
      {
        "extension": [
          {
            "url": "code",
            "valueString": "apply-publisher"
          },
          {
            "url": "value",
            "valueString": "true"
          }
        ],
        "url": "http://hl7.org/fhir/tools/StructureDefinition/ig-parameter"
      },
      {
        "extension": [
          {
            "url": "code",
            "valueString": "apply-version"
          },
          {
            "url": "value",
            "valueString": "true"
          }
        ],
        "url": "http://hl7.org/fhir/tools/StructureDefinition/ig-parameter"
      },
      {
        "extension": [
          {
            "url": "code",
            "valueString": "active-tables"
          },
          {
            "url": "value",
            "valueString": "true"
          }
        ],
        "url": "http://hl7.org/fhir/tools/StructureDefinition/ig-parameter"
      }
    ],
    "resource": [
      {
        "extension": [
          {
            "url": "http://hl7.org/fhir/tools/StructureDefinition/resource-information",
            "valueString": "StructureDefinition:resource"
          }
        ],
        "reference": {
          "reference": "StructureDefinition/argo-patientlist"
        },
        "name": "Argonaut Patient List (Group) Profile",
        "description": "Profile on the R4 Group resource to for [Argonaut Patient List Project](https://confluence.hl7.org/display/AP/Argonaut+Project+Home).  Note that the [Group](http://hl7.org/fhir/group.html) resource is used for this patient **list** use case even though there is also a FHIR List resource",
        "exampleBoolean": false
      },
      {
        "extension": [
          {
            "url": "http://hl7.org/fhir/tools/StructureDefinition/resource-information",
            "valueString": "StructureDefinition:extension"
          }
        ],
        "reference": {
          "reference": "StructureDefinition/patientlistquestionnaire"
        },
        "name": "Argonaut Patient List Questionnaire",
        "description": "A reference to a form definition that is bound to certain types of lists and defines each column for the purpose of providing additional data for each member",
        "exampleBoolean": false
      },
      {
        "extension": [
          {
            "url": "http://hl7.org/fhir/tools/StructureDefinition/resource-information",
            "valueString": "StructureDefinition:extension"
          }
        ],
        "reference": {
          "reference": "StructureDefinition/patientlistquestionnaireresponse"
        },
        "name": "Argonaut Patient List QuestionnaireResponse",
        "description": "A reference to a QuestionnaireResponse of prepopulated data based on a Patient List Questionnaire that is bound to certain types of lists and provides additional data for a Group.member",
        "exampleBoolean": false
      },
      {
        "extension": [
          {
            "url": "http://hl7.org/fhir/tools/StructureDefinition/resource-information",
            "valueString": "ValueSet"
          }
        ],
        "reference": {
          "reference": "ValueSet/argo-group-characteristic"
        },
        "name": "Argonaut Group Characteristic Value Set",
        "description": "Used to define group characteristic and limited to 'location'or....",
        "exampleBoolean": false
      },
      {
        "extension": [
          {
            "url": "http://hl7.org/fhir/tools/StructureDefinition/resource-information",
            "valueString": "CodeSystem"
          }
        ],
        "reference": {
          "reference": "CodeSystem/argo-group-characteristic"
        },
        "name": "Argonaut Group Characteristic Code System",
        "description": "Used to define group characteristic and limited to 'location'or 'team' or 'organization' or 'practitioner'",
        "exampleBoolean": false
      },
      {
        "extension": [
          {
            "url": "http://hl7.org/fhir/tools/StructureDefinition/resource-information",
            "valueString": "CapabilityStatement"
          }
        ],
        "reference": {
          "reference": "CapabilityStatement/test"
        },
        "name": "Test",
        "description": "This CapabilityStatement is a test of implementationGuide",
        "exampleBoolean": false
      },
      {
        "extension": [
          {
            "url": "http://hl7.org/fhir/tools/StructureDefinition/resource-information",
            "valueString": "OperationDefinition"
          }
        ],
        "reference": {
          "reference": "OperationDefinition/unsolicited-claim"
        },
        "name": "Unsolicited Claims Attachment Operation",
        "description": "This operation is used to submit an unsolicited claims attachment as a single claim (or simply a reference to a claim) and other referenced resources as attachments for processing. The input parameters are:\n  1.  Data elements for reassociation to the Claim\n      1. Attachment Control Number (ACN)\n      1. Billed Amount/Charged Amount\n      1. Claim #\n      1. Patient\n      1. Coverage\n      1. Encounter\n      1. Provider\n      1. Organization\n\n      If a FHIR or X12 representation of Claim is sent with attachment, then these data elements are not needed for reassociation.\n\n  1.  the claim either as:\n      1.  ASC X12N 278 (Health Care Services Review — Notification and Acknowledgment) and an ASC X12N 275 (Additional Information to Support a Health Care Services Review) or\n      1.  Claim resource.\n\n  1. Attachments as FHIR Resources to support the claims review.\n\nThere are no output parameters.",
        "exampleBoolean": false
      },
      {
        "extension": [
          {
            "url": "http://hl7.org/fhir/tools/StructureDefinition/resource-information",
            "valueString": "SearchParameter"
          }
        ],
        "reference": {
          "reference": "SearchParameter/Group-value-reference"
        },
        "name": "GroupValueReference",
        "description": "Reference value held by characteristic",
        "exampleBoolean": false
      },
      {
        "extension": [
          {
            "url": "http://hl7.org/fhir/tools/StructureDefinition/resource-information",
            "valueString": "StructureDefinition:resource"
          }
        ],
        "reference": {
          "reference": "StructureDefinition/argo-patientlist2"
        },
        "name": "Argonaut Patient List (Group) Profile",
        "description": "Profile on the R4 Group resource to for [Argonaut Patient List Project](https://confluence.hl7.org/display/AP/Argonaut+Project+Home).  Note that the [Group](http://hl7.org/fhir/group.html) resource is used for this patient **list** use case even though there is also a FHIR List resource",
        "exampleBoolean": false
      },
      {
        "extension": [
          {
            "url": "http://hl7.org/fhir/tools/StructureDefinition/resource-information",
            "valueString": "StructureDefinition:extension"
          }
        ],
        "reference": {
          "reference": "StructureDefinition/extension-modality"
        },
        "name": "Modality Extension",
        "description": "The modality whereby the measure is obtained.  Choice of sensed|self-reported. This extension and concepts orginally created for Open mHealth (https://www.openmhealth.org/)",
        "exampleBoolean": false
      },
      {
        "extension": [
          {
            "url": "http://hl7.org/fhir/tools/StructureDefinition/resource-information",
            "valueString": "StructureDefinition:resource"
          }
        ],
        "reference": {
          "reference": "StructureDefinition/argo-write-observation"
        },
        "name": "Argo Write Observation Profile",
        "description": "Defines a \"mixin\" profile which constrains and extends the Observation resource for the minimal set of data to support to writing patient submitted Observations to an EHR.  This profile is intended to be used in addition to other Observation Profiles such as the [US Core Body Weight Profile](http://hl7.org/fhir/us/core/StructureDefinition-us-core-body-weight.html). When an application is creating content, it must create content that conforms to both sets of profiles - that is, the intersection of the profiles. When an application is consuming information, then it must be able to consume content that conforms to either set of profiles - that is, the union of the profiles. For additional guidance see [Supporting Multiple Profiles](http://hl7.org/fhir/profiling.html#mixing) in the FHIR specification.",
        "exampleBoolean": false
      },
      {
        "extension": [
          {
            "url": "http://hl7.org/fhir/tools/StructureDefinition/resource-information",
            "valueString": "StructureDefinition:resource"
          }
        ],
        "reference": {
          "reference": "StructureDefinition/uscore-relatedperson"
        },
        "name": "US Core Related Person",
        "description": "Defines constraints and extensions on the RelatedPerson resource on the patient resource for the minimal set of data to query and retrieve demographic information.",
        "exampleBoolean": false
      },
      {
        "extension": [
          {
            "url": "http://hl7.org/fhir/tools/StructureDefinition/resource-information",
            "valueString": "StructureDefinition:resource"
          }
        ],
        "reference": {
          "reference": "StructureDefinition/uscore-servicerequest"
        },
        "name": "US Core Service Request",
        "description": "Defines constraints and extensions on the ServiceRequest resource for the minimal set of data to query and retrieve orders associated with diagnostic and clinical tests and clinical interventions for a patient",
        "exampleBoolean": false
      },
      {
        "extension": [
          {
            "url": "http://hl7.org/fhir/tools/StructureDefinition/resource-information",
            "valueString": "Observation"
          }
        ],
        "reference": {
          "reference": "Observation/test"
        },
        "name": "FOO",
        "description": "###FOO\n- bar",
        "exampleBoolean": true
      }
    ],
    "page": {
      "nameUrl": "toc.html",
      "title": "Table of Contents",
      "generation": "html",
      "page": [
        {
          "nameUrl": "index.html",
          "title": "Home",
          "generation": "markdown"
        },
        {
          "nameUrl": "downloads.html",
          "title": "Downloads",
          "generation": "markdown"
        },
        {
          "nameUrl": "guidance.html",
          "title": "Guidance",
          "generation": "markdown"
        }
      ]
    },
    "parameter": [
      {
        "code": "path-resource",
        "value": "input/resources"
      },
      {
        "code": "path-resource",
        "value": "fsh-generated/resources"
      },
      {
        "code": "path-resource",
        "value": "input/capabilities"
      },
      {
        "code": "path-resource",
        "value": "input/examples"
      },
      {
        "code": "path-resource",
        "value": "input/extensions"
      },
      {
        "code": "path-resource",
        "value": "input/models"
      },
      {
        "code": "path-resource",
        "value": "input/operations"
      },
      {
        "code": "path-resource",
        "value": "input/profiles"
      },
      {
        "code": "path-resource",
        "value": "input/vocabulary"
      },
      {
        "code": "path-resource",
        "value": "input/testing"
      },
      {
        "code": "path-resource",
        "value": "input/history"
      },
      {
        "code": "path-pages",
        "value": "template/config"
      },
      {
        "code": "path-pages",
        "value": "input/images"
      },
      {
        "code": "path-tx-cache",
        "value": "input-cache/txcache"
      }
    ]
  }
}