<?xml version="1.0" encoding="UTF-8"?>

<Location xmlns="http://hl7.org/fhir">
  <id value="hospital"/>
  <meta>
    <extension url="http://hl7.org/fhir/StructureDefinition/instance-name">
      <valueString value="Hospital Location"/>
    </extension>
    <extension url="http://hl7.org/fhir/StructureDefinition/instance-description">
      <valueMarkdown value="This is an example hospital location for the *US Core Location Profile*."/>
    </extension>
    <profile value="http://hl7.org/fhir/us/core/StructureDefinition/us-core-location"/>
  </meta>
  <text>
    <status value="generated"/><div xmlns="http://www.w3.org/1999/xhtml"><p><b>Generated Narrative</b></p><div style="display: inline-block; background-color: #d9e0e7; padding: 6px; margin: 4px; border: 1px solid #8da1b4; border-radius: 5px; line-height: 60%"><p style="margin-bottom: 0px">Resource "hospital" </p><p style="margin-bottom: 0px">Profile: <a href="http://hl7.org/fhir/us/core/STU4/StructureDefinition-us-core-location.html">US Core Location Profile</a></p></div><p><b>status</b>: active</p><p><b>name</b>: Holy Family Hospital</p><p><b>telecom</b>: ph: 9786870156</p><p><b>address</b>: 70 EAST STREET METHUEN MA 01844 US </p><p><b>managingOrganization</b>: <a href="http://example.org/fhir/Organization/holy-healthcare">http://example.org/fhir/Organization/holy-healthcare: Holy Healthcare</a></p></div>
  </text>
  <status value="active"/>
  <name value="Holy Family Hospital"/>
  <telecom>
    <system value="phone"/>
    <value value="9786870156"/>
  </telecom>
  <address>
    <line value="70 EAST STREET"/>
    <city value="METHUEN"/>
    <state value="MA"/>
    <postalCode value="01844"/>
    <country value="US"/>
  </address>
  <managingOrganization>
    <reference value="http://example.org/fhir/Organization/holy-healthcare"/>
    <display value="Holy Healthcare"/>
  </managingOrganization>
</Location>