<?xml version="1.0" encoding="UTF-8"?>

<Observation xmlns="http://hl7.org/fhir">
  <id value="AHC-HRSN-item-example-96842-0"/>
  <meta>
    <extension url="http://hl7.org/fhir/StructureDefinition/instance-name">
      <valueString value="Ahc-Hrsn Item Example 96842-0"/>
    </extension>
    <extension url="http://hl7.org/fhir/StructureDefinition/instance-description">
      <valueMarkdown value="This is a Ahc-Hrsn Item Example 96842-0 (How often have you used any tobacco product in past 12 months?) for the *US Core Screening Response Observation Profile*"/>
    </extension>
    <profile value="http://www.fhir.org/guides/healthedata1-sandbox/StructureDefinition/us-core-observation-sdoh-assessment"/>
  </meta>
  <text>
    <status value="generated"/><div xmlns="http://www.w3.org/1999/xhtml"><p><b>Generated Narrative</b></p><div style="display: inline-block; background-color: #d9e0e7; padding: 6px; margin: 4px; border: 1px solid #8da1b4; border-radius: 5px; line-height: 60%"><p style="margin-bottom: 0px">Resource "AHC-HRSN-item-example-96842-0" </p><p style="margin-bottom: 0px">Profile: <a href="StructureDefinition-us-core-observation-sdoh-assessment.html">US Core Observation SDOH Assessment Profile</a></p></div><p><b>status</b>: final</p><p><b>category</b>: SocialDeterminantsOfHealth <span style="background: LightGoldenRodYellow; margin: 4px; border: 1px solid khaki"> (<a href="https://loinc.org/">LOINC</a>#LG41762-2)</span>, Survey <span style="background: LightGoldenRodYellow; margin: 4px; border: 1px solid khaki"> (<a href="http://terminology.hl7.org/3.1.0/CodeSystem-observation-category.html">Observation Category Codes</a>#survey)</span></p><p><b>code</b>: How often have you used any tobacco product in past 12 months? <span style="background: LightGoldenRodYellow; margin: 4px; border: 1px solid khaki"> (<a href="https://loinc.org/">LOINC</a>#96842-0)</span></p><p><b>subject</b>: <a href="Patient/example">Patient/example</a></p><p><b>effective</b>: 2022-03-29 10:38:59+0000</p><p><b>performer</b>: <a href="Patient/example">Patient/example</a></p><p><b>value</b>: Never <span style="background: LightGoldenRodYellow; margin: 4px; border: 1px solid khaki"> ([not stated]#LA6270-8)</span></p><p><b>derivedFrom</b>: <a href="QuestionnaireResponse-AHC-HRSN-screening-example.html">QuestionnaireResponse/AHC-HRSN-screening-example: US Core QuestionnaireResponse AHC HRSN Screening-Example Example</a></p></div>
  </text>
  <status value="final"/>
  <category>
    <coding>
      <system value="http://loinc.org"/>
      <code value="LG41762-2"/>
      <display value="SocialDeterminantsOfHealth"/>
    </coding>
  </category>
  <category>
    <coding>
      <system value="http://terminology.hl7.org/CodeSystem/observation-category"/>
      <code value="survey"/>
      <display value="Survey"/>
    </coding>
  </category>
  <code>
    <coding>
      <system value="http://loinc.org"/>
      <code value="96842-0"/>
      <display value="How often have you used any tobacco product in past 12 months?"/>
    </coding>
    <text value="How often have you used any tobacco product in past 12 months?"/>
  </code>
  <subject>
    <reference value="Patient/example"/>
  </subject>
  <effectiveDateTime value="2022-03-29T22:38:59.084000+00:00"/>
  <performer>
    <reference value="Patient/example"/>
  </performer>
  <valueCodeableConcept>
    <coding>
      <code value="LA6270-8"/>
      <display value="Never"/>
    </coding>
    <text value="Never"/>
  </valueCodeableConcept>
  <derivedFrom>
    <reference value="QuestionnaireResponse/AHC-HRSN-screening-example"/>
    <display value="US Core QuestionnaireResponse AHC HRSN Screening-Example Example"/>
  </derivedFrom>
</Observation>