{
  "resourceType": "Observation",
  "id": "AHC-HRSN-item-example-96780-2",
  "meta": {
    "extension": [
      {
        "url": "http://hl7.org/fhir/StructureDefinition/instance-name",
        "valueString": "Ahc-Hrsn Item Example 96780-2"
      },
      {
        "url": "http://hl7.org/fhir/StructureDefinition/instance-description",
        "valueMarkdown": "This is a Ahc-Hrsn Item Example 96780-2 (Do you want help finding or keeping work or a job?) for the *US Core Screening Response Observation Profile*"
      }
    ],
    "profile": [
      "http://www.fhir.org/guides/healthedata1-sandbox/StructureDefinition/us-core-observation-sdoh-assessment"
    ]
  },
  "text": {
    "status": "generated",
    "div": "<div xmlns=\"http://www.w3.org/1999/xhtml\"><p><b>Generated Narrative</b></p><div style=\"display: inline-block; background-color: #d9e0e7; padding: 6px; margin: 4px; border: 1px solid #8da1b4; border-radius: 5px; line-height: 60%\"><p style=\"margin-bottom: 0px\">Resource \"AHC-HRSN-item-example-96780-2\" </p><p style=\"margin-bottom: 0px\">Profile: <a href=\"StructureDefinition-us-core-observation-sdoh-assessment.html\">US Core Observation SDOH Assessment Profile</a></p></div><p><b>status</b>: final</p><p><b>category</b>: SocialDeterminantsOfHealth <span style=\"background: LightGoldenRodYellow; margin: 4px; border: 1px solid khaki\"> (<a href=\"https://loinc.org/\">LOINC</a>#LG41762-2)</span>, Survey <span style=\"background: LightGoldenRodYellow; margin: 4px; border: 1px solid khaki\"> (<a href=\"http://terminology.hl7.org/3.1.0/CodeSystem-observation-category.html\">Observation Category Codes</a>#survey)</span></p><p><b>code</b>: Do you want help finding or keeping work or a job? <span style=\"background: LightGoldenRodYellow; margin: 4px; border: 1px solid khaki\"> (<a href=\"https://loinc.org/\">LOINC</a>#96780-2)</span></p><p><b>subject</b>: <a href=\"Patient/example\">Patient/example</a></p><p><b>effective</b>: 2022-03-29 10:38:59+0000</p><p><b>performer</b>: <a href=\"Patient/example\">Patient/example</a></p><p><b>value</b>: I do not need or want help <span style=\"background: LightGoldenRodYellow; margin: 4px; border: 1px solid khaki\"> ([not stated]#LA31983-2)</span></p><p><b>derivedFrom</b>: <a href=\"QuestionnaireResponse-AHC-HRSN-screening-example.html\">QuestionnaireResponse/AHC-HRSN-screening-example: US Core QuestionnaireResponse AHC HRSN Screening-Example Example</a></p></div>"
  },
  "status": "final",
  "category": [
    {
      "coding": [
        {
          "system": "http://loinc.org",
          "code": "LG41762-2",
          "display": "SocialDeterminantsOfHealth"
        }
      ]
    },
    {
      "coding": [
        {
          "system": "http://terminology.hl7.org/CodeSystem/observation-category",
          "code": "survey",
          "display": "Survey"
        }
      ]
    }
  ],
  "code": {
    "coding": [
      {
        "system": "http://loinc.org",
        "code": "96780-2",
        "display": "Do you want help finding or keeping work or a job?"
      }
    ],
    "text": "Do you want help finding or keeping work or a job?"
  },
  "subject": {
    "reference": "Patient/example"
  },
  "effectiveDateTime": "2022-03-29T22:38:59.084000+00:00",
  "performer": [
    {
      "reference": "Patient/example"
    }
  ],
  "valueCodeableConcept": {
    "coding": [
      {
        "code": "LA31983-2",
        "display": "I do not need or want help"
      }
    ],
    "text": "I do not need or want help"
  },
  "derivedFrom": [
    {
      "reference": "QuestionnaireResponse/AHC-HRSN-screening-example",
      "display": "US Core QuestionnaireResponse AHC HRSN Screening-Example Example"
    }
  ]
}