<?xml version="1.0" encoding="UTF-8"?>

<OperationDefinition xmlns="http://hl7.org/fhir">
  <id value="attachment"/>
  <text>
    <status value="extensions"/><div xmlns="http://www.w3.org/1999/xhtml"><h2>Attachment</h2><p>OPERATION: Attachment</p><p>The official URL for this operation definition is: </p><pre>http://hl7.org/fhir/us/davinci-cdex/OperationDefinition/attachment</pre><div><p>This operation is used to submit attachments for Claims or Prior Authorization. This operation accepts the clinical attachments and the necessary information needed to re-attach them to the claim or prior authorization, and returns a transaction layer http response.  This operation can be used by any HTTP end-point, not just FHIR RESTful servers.</p>
<p>The input parameters are:</p>
<ol>
<li>One or more Attachments as FHIR Resources</li>
<li>Data elements for reassociation to the Claim/Prior Authorization
<ul>
<li>Reason for Attachments:
<ul>
<li>Unsolicited attachments for a claim</li>
<li>Solicited attachments for a claim</li>
<li>Additional information for prior authorization</li>
</ul>
</li>
<li>A unique claim/prior authorization identifier (named &quot;TargetId&quot;)</li>
<li>One or more unique claim line item identifiers</li>
<li>A unique organization/location identifier (e.g., NPI)</li>
<li>A unique provider identifier (e.g., NPI)</li>
<li>A unique Patient member identifier</li>
</ul>
</li>
</ol>
<p>There are no output parameters.</p>
<p>Note that Unsolicited Claim implies that the <em>provider</em> assigns the claim identifier (in other words, a &quot;placer identifier&quot;) upon claim generation. Solicited Claim and Prior Authorization imply that the <em>payer</em> assigned the Claim/Prior Authorization identifier (in other words, a &quot;filler identifier&quot;) a upon receipt of a claim or prior authorization.</p>
</div><p>URL: [base]/$attachment</p><p>URL: [base]/Claim/$attachment</p><p>Parameters</p><table class="grid"><tr><td><b>Use</b></td><td><b>Name</b></td><td><b>Cardinality</b></td><td><b>Type</b></td><td><b>Binding</b></td><td><b>Documentation</b></td></tr><tr><td>IN</td><td>AttachmentReason</td><td>0..1</td><td><a href="http://hl7.org/fhir/R4/datatypes.html#code">code</a></td><td><a href="ValueSet-cdex-attachment-reason.html">http://hl7.org/fhir/us/davinci-cdex/ValueSet/cdex-attachment-reason</a> (Required)</td><td><div><p>Whether the attachments submission is for an <em>unsolicited</em> claim,  <em>solicited</em> claim, or prior authorization.</p>
</div></td></tr><tr><td>IN</td><td>ClaimId</td><td>0..1</td><td><a href="http://hl7.org/fhir/R4/datatypes.html#Identifier">Identifier</a></td><td/><td><div><p>Claim/prior authorization identifier value. Reason for attachments determines whether this is a &quot;placer&quot; or &quot;filler&quot; identifier (see above).</p>
</div></td></tr><tr><td>IN</td><td>ItemId</td><td>0..**</td><td><a href="http://hl7.org/fhir/R4/datatypes.html#Identifier">Identifier</a></td><td/><td><div><p>Claim/prior authorization identifier that uniquely reference an line item in a claim or prior authorization.  Reason for attachments determines whether this is a &quot;placer&quot; or &quot;filler&quot; identifier (see above).</p>
</div></td></tr><tr><td>IN</td><td>OrganizationId</td><td>0..1</td><td><a href="http://hl7.org/fhir/R4/datatypes.html#Identifier">Identifier</a></td><td/><td><div><p>Sending organization/location Identifier (e.g., NPI)</p>
</div></td></tr><tr><td>IN</td><td>ProviderId</td><td>0..1</td><td><a href="http://hl7.org/fhir/R4/datatypes.html#Identifier">Identifier</a></td><td/><td><div><p>Sending provider identifier (e.g., NPI)</p>
</div></td></tr><tr><td>IN</td><td>MemberId</td><td>0..1</td><td><a href="http://hl7.org/fhir/R4/datatypes.html#Identifier">Identifier</a></td><td/><td><div><p>Patient member identifier</p>
</div></td></tr><tr><td>IN</td><td>Attachment</td><td>0..*</td><td><a href="http://hl7.org/fhir/R4/resource.html">Resource</a></td><td/><td><div><p>The actual attachments as FHIR resources for Claims or Prior Authorization.  Note that non-FHIR Non-FHIR data formats attached to or referenced by DocumentReference.</p>
</div></td></tr></table><div><p>The following rules apply when using <code>$attachment</code>:</p>
<ul>
<li>The operation only accepts <code>POST</code> transactions - any other HTTP method will result in an HTTP error</li>
<li>When processing messages, a server may return one of several status codes:
<ul>
<li><strong>200 OK</strong>: Indicates that the operation has been processed.</li>
<li><strong>202 Accepted</strong>: Indicates that the receiving system has accepted custody
of the message</li>
<li><strong>4xx</strong>: Indicates some error in the submission. The client <strong>SHOULD</strong> interpret a 4xx response to indicate that there is no point resubmitting the unaltered message,</li>
<li><strong>5xx</strong>: Indicates some system error. The client <strong>SHOULD</strong> interpret a 5xx response to indicate an unexpected error occurred on the part of the server, with the implication that it may be appropriate to resubmit the original message.</li>
<li>The server <strong>MAY</strong> return an <a href="http://hl7.org/fhir/operationoutcome.html">OperationOutcome</a> with additional information, and <strong>SHOULD</strong> do so if the response code is 400 or greater.</li>
</ul>
</li>
</ul>
</div></div>
  </text>
  <url value="http://hl7.org/fhir/us/davinci-cdex/OperationDefinition/attachment"/>
  <version value="0.1.0"/>
  <name value="Attachment"/>
  <title value="Attachment Operation"/>
  <status value="draft"/>
  <kind value="operation"/>
  <date value="2021-12-02T20:24:41-08:00"/>
  <publisher value="Health eData Inc"/>
  <contact>
    <telecom>
      <system value="email"/>
      <value value="mailto:ehaas@healthedatainc.com"/>
    </telecom>
  </contact>
  <description value="This operation is used to submit attachments for Claims or Prior Authorization. This operation accepts the clinical attachments and the necessary information needed to re-attach them to the claim or prior authorization, and returns a transaction layer http response.  This operation can be used by any HTTP end-point, not just FHIR RESTful servers.&#xA;&#xA;The input parameters are:&#xA;1. One or more Attachments as FHIR Resources&#xA;1. Data elements for reassociation to the Claim/Prior Authorization&#xA;    - Reason for Attachments:&#xA;      - Unsolicited attachments for a claim&#xA;      - Solicited attachments for a claim&#xA;      - Additional information for prior authorization&#xA;    - A unique claim/prior authorization identifier (named &quot;TargetId&quot;)&#xA;    - One or more unique claim line item identifiers&#xA;    - A unique organization/location identifier (e.g., NPI)&#xA;    - A unique provider identifier (e.g., NPI)&#xA;    - A unique Patient member identifier&#xA;&#xA;There are no output parameters.&#xA;&#xA;Note that Unsolicited Claim implies that the *provider* assigns the claim identifier (in other words, a &quot;placer identifier&quot;) upon claim generation. Solicited Claim and Prior Authorization imply that the *payer* assigned the Claim/Prior Authorization identifier (in other words, a &quot;filler identifier&quot;) a upon receipt of a claim or prior authorization.&#xA;"/>
  <code value="attachment"/>
  <comment value="The following rules apply when using `$attachment`:&#xA;* The operation only accepts `POST` transactions - any other HTTP method will result in an HTTP error&#xA;* When processing messages, a server may return one of several status codes:&#xA;  * **200 OK**: Indicates that the operation has been processed.&#xA;  * **202 Accepted**: Indicates that the receiving system has accepted custody&#xA;  of the message&#xA;  * **4xx**: Indicates some error in the submission. The client **SHOULD** interpret a 4xx response to indicate that there is no point resubmitting the unaltered message,&#xA;  * **5xx**: Indicates some system error. The client **SHOULD** interpret a 5xx response to indicate an unexpected error occurred on the part of the server, with the implication that it may be appropriate to resubmit the original message.&#xA;  *  The server **MAY** return an [OperationOutcome](http://hl7.org/fhir/operationoutcome.html) with additional information, and **SHOULD** do so if the response code is 400 or greater.&#xA;"/>
  <resource value="Claim"/>
  <system value="true"/>
  <type value="true"/>
  <instance value="false"/>
  <parameter>
    <name value="AttachmentReason"/>
    <use value="in"/>
    <min value="0"/>
    <max value="1"/>
    <documentation value="Whether the attachments submission is for an *unsolicited* claim,  *solicited* claim, or prior authorization."/>
    <type value="code"/>
    <binding>
      <strength value="required"/>
      <valueSet value="http://hl7.org/fhir/us/davinci-cdex/ValueSet/cdex-attachment-reason"/>
    </binding>
  </parameter>
  <parameter>
    <name value="ClaimId"/>
    <use value="in"/>
    <min value="0"/>
    <max value="1"/>
    <documentation value="Claim/prior authorization identifier value. Reason for attachments determines whether this is a &quot;placer&quot; or &quot;filler&quot; identifier (see above)."/>
    <type value="Identifier"/>
  </parameter>
  <parameter>
    <name value="ItemId"/>
    <use value="in"/>
    <min value="0"/>
    <max value="**"/>
    <documentation value="Claim/prior authorization identifier that uniquely reference an line item in a claim or prior authorization.  Reason for attachments determines whether this is a &quot;placer&quot; or &quot;filler&quot; identifier (see above)."/>
    <type value="Identifier"/>
  </parameter>
  <parameter>
    <name value="OrganizationId"/>
    <use value="in"/>
    <min value="0"/>
    <max value="1"/>
    <documentation value="Sending organization/location Identifier (e.g., NPI)"/>
    <type value="Identifier"/>
  </parameter>
  <parameter>
    <name value="ProviderId"/>
    <use value="in"/>
    <min value="0"/>
    <max value="1"/>
    <documentation value="Sending provider identifier (e.g., NPI)"/>
    <type value="Identifier"/>
  </parameter>
  <parameter>
    <name value="MemberId"/>
    <use value="in"/>
    <min value="0"/>
    <max value="1"/>
    <documentation value="Patient member identifier"/>
    <type value="Identifier"/>
  </parameter>
  <parameter>
    <name value="Attachment"/>
    <use value="in"/>
    <min value="0"/>
    <max value="*"/>
    <documentation value="The actual attachments as FHIR resources for Claims or Prior Authorization.  Note that non-FHIR Non-FHIR data formats attached to or referenced by DocumentReference."/>
    <type value="Resource"/>
  </parameter>
</OperationDefinition>