{
  "resourceType": "SearchParameter",
  "id": "Group-value-reference",
  "text": {
    "status": "generated",
    "div": "<div xmlns=\"http://www.w3.org/1999/xhtml\"><p><b>Generated Narrative</b></p><p><b>id</b>: Group-value-reference</p><p><b>url</b>: <a href=\"http://www.fhir.org/guides/sushi-sandbox/SearchParameter/Group-value-reference\">http://www.fhir.org/guides/sushi-sandbox/SearchParameter/Group-value-reference</a></p><p><b>version</b>: 0.1.0</p><p><b>name</b>: GroupValueReference</p><p><b>status</b>: draft</p><p><b>experimental</b>: false</p><p><b>date</b>: 2020-09-02</p><p><b>publisher</b>: Health eData Inc</p><p><b>contact</b>: mailto:ehaas@healthedatainc.com</p><p><b>description</b>: Reference value held by characteristic</p><p><b>code</b>: value-reference</p><p><b>base</b>: Group</p><p><b>type</b>: reference</p><p><b>expression</b>: Group.characteristic.value as Reference</p><p><b>xpath</b>: f:Group/f:characteristic/f:valueReference</p><p><b>xpathUsage</b>: normal</p></div>"
  },
  "url": "http://www.fhir.org/guides/sushi-sandbox/SearchParameter/Group-value-reference",
  "version": "0.1.0",
  "name": "GroupValueReference",
  "status": "draft",
  "experimental": false,
  "date": "2020-09-02",
  "publisher": "Health eData Inc",
  "contact": [
    {
      "telecom": [
        {
          "system": "email",
          "value": "mailto:ehaas@healthedatainc.com"
        }
      ]
    }
  ],
  "description": "Reference value held by characteristic",
  "code": "value-reference",
  "base": [
    "Group"
  ],
  "type": "reference",
  "expression": "Group.characteristic.value as Reference",
  "xpath": "f:Group/f:characteristic/f:valueReference",
  "xpathUsage": "normal"
}