"Path","Slice Name","Alias(s)","Label","Min","Max","Must Support?","Is Modifier?","Is Summary?","Type(s)","Short","Definition","Comments","Requirements","Default Value","Meaning When Missing","Fixed Value","Pattern","Example","Minimum Value","Maximum Value","Maximum Length","Binding Strength","Binding Description","Binding Value Set","Code","Slicing Discriminator","Slicing Description","Slicing Ordered","Slicing Rules","Base Path","Base Min","Base Max","Condition(s)","Constraint(s)","Mapping: Workflow Pattern","Mapping: RIM Mapping","Mapping: FiveWs Pattern Mapping"
"QuestionnaireResponse","","Form
QuestionnaireAnswersForm Data","",0,*,"","","","","US Core Profile based on SDC QuestionnaireResponse","Sets expectations for supported capabilities for questionnaire responses derived from surveys/questionnaires.","The QuestionnaireResponse contains enough information about the questions asked and their organization that it can be interpreted somewhat independently from the Questionnaire it is based on.  I.e. You don't need access to the Questionnaire in order to extract basic information from a QuestionnaireResponse.","","","","","","","","",,,,,"",,,,"QuestionnaireResponse",0,*,"","dom-2:If the resource is contained in another resource, it SHALL NOT contain nested Resources {contained.contained.empty()}
dom-3:If the resource is contained in another resource, it SHALL be referred to from elsewhere in the resource or SHALL refer to the containing resource {contained.where((('#'+id in (%resource.descendants().reference | %resource.descendants().as(canonical) | %resource.descendants().as(uri) | %resource.descendants().as(url))) or descendants().where(reference = '#').exists() or descendants().where(as(canonical) = '#').exists() or descendants().where(as(canonical) = '#').exists()).not()).trace('unmatched', id).empty()}dom-4:If a resource is contained in another resource, it SHALL NOT have a meta.versionId or a meta.lastUpdated {contained.meta.versionId.empty() and contained.meta.lastUpdated.empty()}dom-5:If a resource is contained in another resource, it SHALL NOT have a security label {contained.meta.security.empty()}dom-6:A resource should have narrative for robust management {text.`div`.exists()}sdcqr-1:Subject SHOULD be present (searching is difficult without subject).  Almost all QuestionnaireResponses should be with respect to some sort of subject. {subject.exists()}sdcqr-2:When repeats=true for a group, it'll be represented with multiple items with the same linkId in the QuestionnaireResponse.  For a question, it'll be represented by a single item with that linkId with multiple answers. {(QuestionnaireResponse|repeat(answer|item)).select(item.where(answer.value.exists()).linkId.isDistinct()).allTrue()}","Event","Entity. Role, or Act","Observation[moodCode=EVN]"
"QuestionnaireResponse.id","","","",0,1,"","","Y","string {[]} {[]}
","Logical id of this artifact","The logical id of the resource, as used in the URL for the resource. Once assigned, this value never changes.","The only time that a resource does not have an id is when it is being submitted to the server using a create operation.","","","","","","","","",,,,,"",,,,"Resource.id",0,1,"",""
"QuestionnaireResponse.meta","","","",0,1,"Y","","Y","Meta {[]} {[]}
","Metadata about the resource","The metadata about the resource. This is content that is maintained by the infrastructure. Changes to the content might not always be associated with version changes to the resource.","","","","","","","","","",,,,,"",,,,"Resource.meta",0,1,"","ele-1:All FHIR elements must have a @value or children {hasValue() or (children().count() > id.count())}
"
"QuestionnaireResponse.meta.id","","","",0,1,"","","","string {[]} {[]}
","Unique id for inter-element referencing","Unique id for the element within a resource (for internal references). This may be any string value that does not contain spaces.","","","","","","","","","",,,,,"",,,,"Element.id",0,1,"","","n/a"
"QuestionnaireResponse.meta.extension","","extensions
user content","",0,*,"","","","Extension {[]} {[]}
","Additional content defined by implementations","May be used to represent additional information that is not part of the basic definition of the element. To make the use of extensions safe and manageable, there is a strict set of governance  applied to the definition and use of extensions. Though any implementer can define an extension, there is a set of requirements that SHALL be met as part of the definition of the extension.","There can be no stigma associated with the use of extensions by any application, project, or standard - regardless of the institution or jurisdiction that uses or defines the extensions.  The use of extensions is what allows the FHIR specification to retain a core level of simplicity for everyone.","","","","","","","","",,,,,"","value:url}
","Extensions are always sliced by (at least) url",,"open","Element.extension",0,*,"","ele-1:All FHIR elements must have a @value or children {hasValue() or (children().count() > id.count())}
ext-1:Must have either extensions or value[x], not both {extension.exists() != value.exists()}","n/a"
"QuestionnaireResponse.meta.versionId","","","",0,1,"","","Y","id {[]} {[]}
","Version specific identifier","The version specific identifier, as it appears in the version portion of the URL. This value changes when the resource is created, updated, or deleted.","The server assigns this value, and ignores what the client specifies, except in the case that the server is imposing version integrity on updates/deletes.","","","","","","","","",,,,,"",,,,"Meta.versionId",0,1,"","ele-1:All FHIR elements must have a @value or children {hasValue() or (children().count() > id.count())}
"
"QuestionnaireResponse.meta.lastUpdated","","","",0,1,"","","Y","instant {[]} {[]}
","When the resource version last changed","When the resource last changed - e.g. when the version changed.","This value is always populated except when the resource is first being created. The server / resource manager sets this value; what a client provides is irrelevant. This is equivalent to the HTTP Last-Modified and SHOULD have the same value on a [read](http://hl7.org/fhir/R4/http.html#read) interaction.","","","","","","","","",,,,,"",,,,"Meta.lastUpdated",0,1,"","ele-1:All FHIR elements must have a @value or children {hasValue() or (children().count() > id.count())}
"
"QuestionnaireResponse.meta.source","","","",0,1,"","","Y","uri {[]} {[]}
","Identifies where the resource comes from","A uri that identifies the source system of the resource. This provides a minimal amount of [Provenance](http://hl7.org/fhir/R4/provenance.html#) information that can be used to track or differentiate the source of information in the resource. The source may identify another FHIR server, document, message, database, etc.","In the provenance resource, this corresponds to Provenance.entity.what[x]. The exact use of the source (and the implied Provenance.entity.role) is left to implementer discretion. Only one nominated source is allowed; for additional provenance details, a full Provenance resource should be used. 

This element can be used to indicate where the current master source of a resource that has a canonical URL if the resource is no longer hosted at the canonical URL.","","","","","","","","",,,,,"",,,,"Meta.source",0,1,"","ele-1:All FHIR elements must have a @value or children {hasValue() or (children().count() > id.count())}
"
"QuestionnaireResponse.meta.profile","","","",0,*,"","","Y","canonical {[]} {[CanonicalType[http://hl7.org/fhir/StructureDefinition/StructureDefinition]]}
","Profiles this resource claims to conform to","A list of profiles (references to [StructureDefinition](http://hl7.org/fhir/R4/structuredefinition.html#) resources) that this resource claims to conform to. The URL is a reference to [StructureDefinition.url](http://hl7.org/fhir/R4/structuredefinition-definitions.html#StructureDefinition.url).","It is up to the server and/or other infrastructure of policy to determine whether/how these claims are verified and/or updated over time.  The list of profile URLs is a set.","","","","","","","","",,,,,"",,,,"Meta.profile",0,*,"","ele-1:All FHIR elements must have a @value or children {hasValue() or (children().count() > id.count())}
"
"QuestionnaireResponse.meta.security","","","",0,*,"","","Y","Coding {[]} {[]}
","Security Labels applied to this resource","Security labels applied to this resource. These tags connect specific resources to the overall security policy and infrastructure.","The security labels can be updated without changing the stated version of the resource. The list of security labels is a set. Uniqueness is based the system/code, and version and display are ignored.","","","","","","","","",,"extensible","Security Labels from the Healthcare Privacy and Security Classification System.","http://hl7.org/fhir/ValueSet/security-labels","",,,,"Meta.security",0,*,"","ele-1:All FHIR elements must have a @value or children {hasValue() or (children().count() > id.count())}
"
"QuestionnaireResponse.meta.tag","","","",0,*,"Y","","Y","Coding {[]} {[]}
","Tags applied to this resource","Tags applied to this resource. Tags are intended to be used to identify and relate resources to process and workflow, and applications are not required to consider the tags when interpreting the meaning of a resource.","The tags can be updated without changing the stated version of the resource. The list of tags is a set. Uniqueness is based the system/code, and version and display are ignored.","","","","","","","","",,"example","Codes that represent various types of tags, commonly workflow-related; e.g. ""Needs review by Dr. Jones"".","http://hl7.org/fhir/ValueSet/common-tags","","pattern:$this}
","",,"open","Meta.tag",0,*,"","ele-1:All FHIR elements must have a @value or children {hasValue() or (children().count() > id.count())}
"
"QuestionnaireResponse.meta.tag.id","","","",0,1,"","","","string {[]} {[]}
","Unique id for inter-element referencing","Unique id for the element within a resource (for internal references). This may be any string value that does not contain spaces.","","","","","","","","","",,,,,"",,,,"Element.id",0,1,"","","n/a"
"QuestionnaireResponse.meta.tag.extension","","extensions
user content","",0,*,"","","","Extension {[]} {[]}
","Additional content defined by implementations","May be used to represent additional information that is not part of the basic definition of the element. To make the use of extensions safe and manageable, there is a strict set of governance  applied to the definition and use of extensions. Though any implementer can define an extension, there is a set of requirements that SHALL be met as part of the definition of the extension.","There can be no stigma associated with the use of extensions by any application, project, or standard - regardless of the institution or jurisdiction that uses or defines the extensions.  The use of extensions is what allows the FHIR specification to retain a core level of simplicity for everyone.","","","","","","","","",,,,,"","value:url}
","Extensions are always sliced by (at least) url",,"open","Element.extension",0,*,"","ele-1:All FHIR elements must have a @value or children {hasValue() or (children().count() > id.count())}
ext-1:Must have either extensions or value[x], not both {extension.exists() != value.exists()}","n/a"
"QuestionnaireResponse.meta.tag.system","","","",0,1,"","","Y","uri {[]} {[]}
","Identity of the terminology system","The identification of the code system that defines the meaning of the symbol in the code.","The URI may be an OID (urn:oid:...) or a UUID (urn:uuid:...).  OIDs and UUIDs SHALL be references to the HL7 OID registry. Otherwise, the URI should come from HL7's list of FHIR defined special URIs or it should reference to some definition that establishes the system clearly and unambiguously.","Need to be unambiguous about the source of the definition of the symbol.","","","","","","","",,,,,"",,,,"Coding.system",0,1,"","ele-1:All FHIR elements must have a @value or children {hasValue() or (children().count() > id.count())}
","./codeSystem"
"QuestionnaireResponse.meta.tag.version","","","",0,1,"","","Y","string {[]} {[]}
","Version of the system - if relevant","The version of the code system which was used when choosing this code. Note that a well-maintained code system does not need the version reported, because the meaning of codes is consistent across versions. However this cannot consistently be assured, and when the meaning is not guaranteed to be consistent, the version SHOULD be exchanged.","Where the terminology does not clearly define what string should be used to identify code system versions, the recommendation is to use the date (expressed in FHIR date format) on which that version was officially published as the version date.","","","","","","","","",,,,,"",,,,"Coding.version",0,1,"","ele-1:All FHIR elements must have a @value or children {hasValue() or (children().count() > id.count())}
","./codeSystemVersion"
"QuestionnaireResponse.meta.tag.code","","","",1,1,"","","Y","code {[]} {[]}
","Symbol in syntax defined by the system","A symbol in syntax defined by the system. The symbol may be a predefined code or an expression in a syntax defined by the coding system (e.g. post-coordination).","","Need to refer to a particular code in the system.","","","","","","","",,,,,"",,,,"Coding.code",0,1,"","ele-1:All FHIR elements must have a @value or children {hasValue() or (children().count() > id.count())}
","./code"
"QuestionnaireResponse.meta.tag.display","","","",0,1,"","","Y","string {[]} {[]}
","Representation defined by the system","A representation of the meaning of the code in the system, following the rules of the system.","","Need to be able to carry a human-readable meaning of the code for readers that do not know  the system.","","","","","","","",,,,,"",,,,"Coding.display",0,1,"","ele-1:All FHIR elements must have a @value or children {hasValue() or (children().count() > id.count())}
","CV.displayName"
"QuestionnaireResponse.meta.tag.userSelected","","","",0,1,"","","Y","boolean {[]} {[]}
","If this coding was chosen directly by the user","Indicates that this coding was chosen by a user directly - e.g. off a pick list of available items (codes or displays).","Amongst a set of alternatives, a directly chosen code is the most appropriate starting point for new translations. There is some ambiguity about what exactly 'directly chosen' implies, and trading partner agreement may be needed to clarify the use of this element and its consequences more completely.","This has been identified as a clinical safety criterium - that this exact system/code pair was chosen explicitly, rather than inferred by the system based on some rules or language processing.","","","","","","","",,,,,"",,,,"Coding.userSelected",0,1,"","ele-1:All FHIR elements must have a @value or children {hasValue() or (children().count() > id.count())}
","CD.codingRationale"
"QuestionnaireResponse.meta.tag","sdoh","","",0,1,"Y","","Y","Coding {[]} {[]}
","SDOH Tag","Tags that a provider may use in their workflow to indicate/categorize that the context of this Questionnaire Response relates to Social Determinants of Health.","The tags can be updated without changing the stated version of the resource. The list of tags is a set. Uniqueness is based the system/code, and version and display are ignored.","","","","","<valueCoding xmlns=""http://hl7.org/fhir"">
  <code value=""sdoh""/>
</valueCoding>","","","",,"required","","http://www.fhir.org/guides/healthedata1-sandbox/ValueSet/temp","",,,,"Meta.tag",0,*,"","ele-1:All FHIR elements must have a @value or children {hasValue() or (children().count() > id.count())}
"
"QuestionnaireResponse.implicitRules","","","",0,1,"","Y","Y","uri {[]} {[]}
","A set of rules under which this content was created","A reference to a set of rules that were followed when the resource was constructed, and which must be understood when processing the content. Often, this is a reference to an implementation guide that defines the special rules along with other profiles etc.","Asserting this rule set restricts the content to be only understood by a limited set of trading partners. This inherently limits the usefulness of the data in the long term. However, the existing health eco-system is highly fractured, and not yet ready to define, collect, and exchange data in a generally computable sense. Wherever possible, implementers and/or specification writers should avoid using this element. Often, when used, the URL is a reference to an implementation guide that defines these special rules as part of it's narrative along with other profiles, value sets, etc.","","","","","","","","",,,,,"",,,,"Resource.implicitRules",0,1,"","ele-1:All FHIR elements must have a @value or children {hasValue() or (children().count() > id.count())}
"
"QuestionnaireResponse.language","","","",0,1,"","","","code {[]} {[]}
","Language of the resource content","The base language in which the resource is written.","Language is provided to support indexing and accessibility (typically, services such as text to speech use the language tag). The html language tag in the narrative applies  to the narrative. The language tag on the resource may be used to specify the language of other presentations generated from the data in the resource. Not all the content has to be in the base language. The Resource.language should not be assumed to apply to the narrative automatically. If a language is specified, it should it also be specified on the div element in the html (see rules in HTML5 for information about the relationship between xml:lang and the html lang attribute).","","","","","","","","",,"preferred","A human language.","http://hl7.org/fhir/ValueSet/languages","",,,,"Resource.language",0,1,"","ele-1:All FHIR elements must have a @value or children {hasValue() or (children().count() > id.count())}
"
"QuestionnaireResponse.text","","narrative
htmlxhtmldisplay","",0,1,"","","","Narrative {[]} {[]}
","Text summary of the resource, for human interpretation","A human-readable narrative that contains a summary of the resource and can be used to represent the content of the resource to a human. The narrative need not encode all the structured data, but is required to contain sufficient detail to make it ""clinically safe"" for a human to just read the narrative. Resource definitions may define what content should be represented in the narrative to ensure clinical safety.","Contained resources do not have narrative. Resources that are not contained SHOULD have a narrative. In some cases, a resource may only have text with little or no additional discrete data (as long as all minOccurs=1 elements are satisfied).  This may be necessary for data from legacy systems where information is captured as a ""text blob"" or where text is additionally entered raw or narrated and encoded information is added later.","","","","","","","","",,,,,"",,,,"DomainResource.text",0,1,"","ele-1:All FHIR elements must have a @value or children {hasValue() or (children().count() > id.count())}
","Act.text?"
"QuestionnaireResponse.contained","","inline resources
anonymous resourcescontained resources","",0,*,"","","","Resource {[]} {[]}
","Contained, inline Resources","These resources do not have an independent existence apart from the resource that contains them - they cannot be identified independently, and nor can they have their own independent transaction scope.","This should never be done when the content can be identified properly, as once identification is lost, it is extremely difficult (and context dependent) to restore it again. Contained resources may have profiles and tags In their meta elements, but SHALL NOT have security labels.","","","","","","","","",,,,,"",,,,"DomainResource.contained",0,*,"","","N/A"
"QuestionnaireResponse.extension","","","",0,*,"","","","Extension {[]} {[]}
","Extension","An Extension","","","","","","","","","",,,,,"","value:url}
","",,"open","DomainResource.extension",0,*,"","ele-1:All FHIR elements must have a @value or children {hasValue() or (children().count() > id.count())}
ext-1:Must have either extensions or value[x], not both {extension.exists() != value.exists()}"
"QuestionnaireResponse.extension","signature","","",0,*,"","","","Extension {[CanonicalType[http://hl7.org/fhir/StructureDefinition/questionnaireresponse-signature]]} {[]}
","A signature attesting to the content","Represents a wet or electronic signature for either the form overall or for the question or item it's associated with.","","","","","","","","","",,,,,"",,,,"DomainResource.extension",0,*,"ele-1
","ele-1:All FHIR elements must have a @value or children {hasValue() or (children().count() > id.count())}
ext-1:Must have either extensions or value[x], not both {extension.exists() != value.exists()}"
"QuestionnaireResponse.extension","completionMode","","",0,1,"","","","Extension {[CanonicalType[http://hl7.org/fhir/StructureDefinition/questionnaireresponse-completionMode]]} {[]}
","E.g. Verbal, written, electronic","Indicates how the individual completing the QuestionnaireResponse provided their responses.","","","","","","","","","",,,,,"",,,,"DomainResource.extension",0,*,"ele-1
","ele-1:All FHIR elements must have a @value or children {hasValue() or (children().count() > id.count())}
ext-1:Must have either extensions or value[x], not both {extension.exists() != value.exists()}"
"QuestionnaireResponse.modifierExtension","","extensions
user content","",0,*,"","Y","","Extension {[]} {[]}
","Extensions that cannot be ignored","May be used to represent additional information that is not part of the basic definition of the resource and that modifies the understanding of the element that contains it and/or the understanding of the containing element's descendants. Usually modifier elements provide negation or qualification. To make the use of extensions safe and manageable, there is a strict set of governance applied to the definition and use of extensions. Though any implementer is allowed to define an extension, there is a set of requirements that SHALL be met as part of the definition of the extension. Applications processing a resource are required to check for modifier extensions.

Modifier extensions SHALL NOT change the meaning of any elements on Resource or DomainResource (including cannot change the meaning of modifierExtension itself).","There can be no stigma associated with the use of extensions by any application, project, or standard - regardless of the institution or jurisdiction that uses or defines the extensions.  The use of extensions is what allows the FHIR specification to retain a core level of simplicity for everyone.","Modifier extensions allow for extensions that *cannot* be safely ignored to be clearly distinguished from the vast majority of extensions which can be safely ignored.  This promotes interoperability by eliminating the need for implementers to prohibit the presence of extensions. For further information, see the [definition of modifier extensions](http://hl7.org/fhir/R4/extensibility.html#modifierExtension).","","","","","","","",,,,,"",,,,"DomainResource.modifierExtension",0,*,"","ele-1:All FHIR elements must have a @value or children {hasValue() or (children().count() > id.count())}
ext-1:Must have either extensions or value[x], not both {extension.exists() != value.exists()}","N/A"
"QuestionnaireResponse.identifier","","","",0,1,"Y","","Y","Identifier {[]} {[]}
","Unique id for this set of answers","A business identifier assigned to a particular completed (or partially completed) questionnaire.","","Used for tracking, registration and other business purposes.","","","","","","","",,,,,"",,,,"QuestionnaireResponse.identifier",0,1,"","ele-1:All FHIR elements must have a @value or children {hasValue() or (children().count() > id.count())}
","Event.identifier",".id","FiveWs.identifier"
"QuestionnaireResponse.basedOn","","order
","",0,*,"","","Y","Reference {[]} {[CanonicalType[http://hl7.org/fhir/StructureDefinition/CarePlan], CanonicalType[http://hl7.org/fhir/StructureDefinition/ServiceRequest]]}
","Request fulfilled by this QuestionnaireResponse","The order, proposal or plan that is fulfilled in whole or in part by this QuestionnaireResponse.  For example, a ServiceRequest seeking an intake assessment or a decision support recommendation to assess for post-partum depression.","","Supports traceability of responsibility for the action and allows linkage of an action to the recommendations acted upon.","","","","","","","",,,,,"",,,,"QuestionnaireResponse.basedOn",0,*,"","ele-1:All FHIR elements must have a @value or children {hasValue() or (children().count() > id.count())}
","Event.basedOn",".outboundRelationship[typeCode=FLFS].target"
"QuestionnaireResponse.partOf","","","",0,*,"","","Y","Reference {[]} {[CanonicalType[http://hl7.org/fhir/StructureDefinition/Observation], CanonicalType[http://hl7.org/fhir/StructureDefinition/Procedure]]}
","Part of this action","A procedure or observation that this questionnaire was performed as part of the execution of.  For example, the surgery a checklist was executed as part of.","Composition of questionnaire responses will be handled by the parent questionnaire having answers that reference the child questionnaire.  For relationships to referrals, and other types of requests, use basedOn.","","","","","","","","",,,,,"",,,,"QuestionnaireResponse.partOf",0,*,"","ele-1:All FHIR elements must have a @value or children {hasValue() or (children().count() > id.count())}
","Event.partOf",".inboundRelationship[typeCode=COMP].source[moodCode=EVN]"
"QuestionnaireResponse.questionnaire","","Form
","",1,1,"Y","","Y","canonical {[]} {[CanonicalType[http://hl7.org/fhir/uv/sdc/StructureDefinition/sdc-questionnaire]]}
","Form being answered","The Questionnaire that defines and organizes the questions for which answers are being provided.","For SDC, this SHALL be the version-specific URL of the form as hosted on the Form Manager.","Needed to allow editing of the questionnaire response in a manner that enforces the constraints of the original form.","","","","","","","",,,,,"",,,,"QuestionnaireResponse.questionnaire",0,1,"","ele-1:All FHIR elements must have a @value or children {hasValue() or (children().count() > id.count())}
","Event.instantiates","./outboundRelationship[typeCode=INST]/target[classCode=OBS, moodCode=DEFN]"
"QuestionnaireResponse.questionnaire.id","","","",0,1,"","","","string {[]} {[]}
","xml:id (or equivalent in JSON)","unique id for the element within a resource (for internal references)","","","","","","","","","",,,,,"",,,,"Element.id",0,1,"",""
"QuestionnaireResponse.questionnaire.extension","","","",0,*,"","","","Extension {[]} {[]}
","Extension","An Extension","","","","","","","","","",,,,,"","value:url}
","",,"open","Element.extension",0,*,"","ele-1:All FHIR elements must have a @value or children {hasValue() or (children().count() > id.count())}
ext-1:Must have either extensions or value[x], not both {extension.exists() != value.exists()}"
"QuestionnaireResponse.questionnaire.extension","questionnaireDisplay","","",0,1,"Y","","","Extension {[CanonicalType[http://hl7.org/fhir/StructureDefinition/display]]} {[]}
","Display name for canonical reference","The title or other name to display when referencing a resource by canonical URL.","This SHALL be the title of the Questionnaire at the time the QuestionnaireResponse was originally authored.","","","","","","","","",,,,,"",,,,"Element.extension",0,*,"ele-1
","ele-1:All FHIR elements must have a @value or children {hasValue() or (children().count() > id.count())}
ext-1:Must have either extensions or value[x], not both {extension.exists() != value.exists()}"
"QuestionnaireResponse.questionnaire.extension","url","","",0,1,"Y","","","Extension {[CanonicalType[http://www.fhir.org/guides/argonaut/argo-write/StructureDefinition/questionnaire-url]]} {[]}
","The location where a non-FHIR questionnaire/survey form can be found.","This extension is used when the survey,form, or questionnaire which is being anwered is not a FHIR [Questionnaire](https://www.hl7.org/fhir/questionnaire.html), otherwise the [canonical url](https://www.hl7.org/fhir/questionnaire.html#canonical) for the FHIR Questionnaire is used.","","","","","","","","","",,,,,"",,,,"Element.extension",0,*,"","ele-1:All FHIR elements must have a @value or children {hasValue() or (children().count() > id.count())}
ext-1:Must have either extensions or value[x], not both {extension.exists() != value.exists()}"
"QuestionnaireResponse.questionnaire.value","","","",0,1,"","","","string {[]} {[]}
","Primitive value for canonical","Primitive value for canonical","","","","","","","","","",,,,,"",,,,"uri.value",0,1,"",""
"QuestionnaireResponse.status","","","",1,1,"Y","Y","Y","code {[]} {[]}
","in-progress | completed | amended | entered-in-error | stopped","The position of the questionnaire response within its overall lifecycle.","This element is labeled as a modifier because the status contains codes that mark the resource as not currently valid.","The information on Questionnaire resources  may possibly be gathered during multiple sessions and altered after considered being finished.","","","","","","","",,"required","Lifecycle status of the questionnaire response.","http://hl7.org/fhir/ValueSet/questionnaire-answers-status|4.0.1","",,,,"QuestionnaireResponse.status",1,1,"","ele-1:All FHIR elements must have a @value or children {hasValue() or (children().count() > id.count())}
","Event.status",".statusCode (also whether there's a revisionControlAct - and possibly mood to distinguish ""in-progress"" from ""published)","FiveWs.status"
"QuestionnaireResponse.subject","","Patient
Focus","",1,1,"Y","","Y","Reference {[]} {[CanonicalType[http://hl7.org/fhir/us/core/StructureDefinition/us-core-patient]]}
","The subject of the questions","The subject of the questionnaire response.  This could be a patient, organization, practitioner, device, etc.  This is who/what the answers apply to, but is not necessarily the source of information.","-","Allows linking the answers to the individual the answers describe.  May also affect access control.","","","","","","","",,,,,"",,,,"QuestionnaireResponse.subject",0,1,"","ele-1:All FHIR elements must have a @value or children {hasValue() or (children().count() > id.count())}
","Event.subject",".participation[typeCode=SBJ].role","FiveWs.subject[x]","FiveWs.subject"
"QuestionnaireResponse.encounter","","","",0,1,"","","Y","Reference {[]} {[CanonicalType[http://hl7.org/fhir/StructureDefinition/Encounter]]}
","Encounter created as part of","The Encounter during which this questionnaire response was created or to which the creation of this record is tightly associated.","This will typically be the encounter the event occurred within, but some activities may be initiated prior to or after the official completion of an encounter but still be tied to the context of the encounter. A questionnaire that was initiated during an encounter but not fully completed during the encounter would still generally be associated with the encounter.","Provides context for the information that was captured.  May also affect access control.","","","","","","","",,,,,"",,,,"QuestionnaireResponse.encounter",0,1,"","ele-1:All FHIR elements must have a @value or children {hasValue() or (children().count() > id.count())}
","Event.encounter",".inboundRelationship(typeCode=COMP].source[classCode<=PCPR, moodCode=EVN]","FiveWs.context"
"QuestionnaireResponse.authored","","Date Created
Date publishedDate IssuedDate updated","",1,1,"Y","","Y","dateTime {[]} {[]}
","Date the answers were gathered","Identifies when this version of the answer set was created.  Changes whenever the answers are updated.","May be different from the lastUpdateTime of the resource itself, because that reflects when the data was known to the server, not when the data was captured.

This element is optional to allow for systems that might not know the value, however it SHOULD be populated if possible.","Clinicians need to be able to check the date that the information in the questionnaire was collected, to derive the context of the answers.","","","","","","","",,,,,"",,,,"QuestionnaireResponse.authored",0,1,"","ele-1:All FHIR elements must have a @value or children {hasValue() or (children().count() > id.count())}
","Event.occurrence[x]",".participation[typeCode=AUT].time","FiveWs.recorded"
"QuestionnaireResponse.author","","Laboratory
ServicePractitionerDepartmentCompanyPerformer","",0,1,"Y","","Y","Reference {[]} {[CanonicalType[http://hl7.org/fhir/us/core/StructureDefinition/us-core-practitioner], CanonicalType[http://hl7.org/fhir/us/core/StructureDefinition/us-core-organization], CanonicalType[http://hl7.org/fhir/us/core/StructureDefinition/us-core-patient], CanonicalType[http://hl7.org/fhir/StructureDefinition/PractitionerRole], CanonicalType[http://hl7.org/fhir/StructureDefinition/Device], CanonicalType[http://hl7.org/fhir/us/core/StructureDefinition/us-core-relatedperson]]}
","Person who received and recorded the answers","Person who received the answers to the questions in the QuestionnaireResponse and recorded them in the system.","Mapping a subject's answers to multiple choice options and determining what to put in the textual answer is a matter of interpretation.  Authoring by device would indicate that some portion of the questionnaire had been auto-populated.","Need to know who interpreted the subject's answers to the questions in the questionnaire, and selected the appropriate options for answers.","","","","","","","",,,,,"",,,,"QuestionnaireResponse.author",0,1,"","ele-1:All FHIR elements must have a @value or children {hasValue() or (children().count() > id.count())}
","Event.performer",".participation[typeCode=AUT].role","FiveWs.author"
"QuestionnaireResponse.source","","","",0,1,"","","Y","Reference {[]} {[CanonicalType[http://hl7.org/fhir/StructureDefinition/Patient], CanonicalType[http://hl7.org/fhir/StructureDefinition/Practitioner], CanonicalType[http://hl7.org/fhir/StructureDefinition/PractitionerRole], CanonicalType[http://hl7.org/fhir/StructureDefinition/RelatedPerson]]}
","The person who answered the questions","The person who answered the questions about the subject.","If not specified, no inference can be made about who provided the data.","When answering questions about a subject that is minor, incapable of answering or an animal, another human source may answer the questions.","","","","","","","",,,,,"",,,,"QuestionnaireResponse.source",0,1,"","ele-1:All FHIR elements must have a @value or children {hasValue() or (children().count() > id.count())}
",".participation[typeCode=INF].role","FiveWs.source"
"QuestionnaireResponse.item","","","",0,*,"Y","","","BackboneElement {[]} {[]}
","Groups and questions","A group or question item from the original questionnaire for which answers are provided.","Groups cannot have answers and therefore must nest directly within item. When dealing with questions, nesting must occur within each answer because some questions may have multiple answers (and the nesting occurs for each answer).","","","","","","","","",,,,,"",,,,"QuestionnaireResponse.item",0,*,"","ele-1:All FHIR elements must have a @value or children {hasValue() or (children().count() > id.count())}
qrs-1:Nested item can't be beneath both item and answer {(answer.exists() and item.exists()).not()}",".outboundRelationship[typeCode=COMP].target[classCode=OBS, moodCode=EVN]"
"QuestionnaireResponse.item.id","","","",0,1,"","","","string {[]} {[]}
","Unique id for inter-element referencing","Unique id for the element within a resource (for internal references). This may be any string value that does not contain spaces.","","","","","","","","","",,,,,"",,,,"Element.id",0,1,"","","n/a"
"QuestionnaireResponse.item.extension","","","",0,*,"","","","Extension {[]} {[]}
","Extension","An Extension","","","","","","","","","",,,,,"","value:url}
","",,"open","Element.extension",0,*,"","ele-1:All FHIR elements must have a @value or children {hasValue() or (children().count() > id.count())}
ext-1:Must have either extensions or value[x], not both {extension.exists() != value.exists()}"
"QuestionnaireResponse.item.extension","itemMedia","","",0,1,"","","","Extension {[CanonicalType[http://hl7.org/fhir/uv/sdc/StructureDefinition/sdc-questionnaire-itemMedia]]} {[]}
","Media to display","Media to render/make available as an accompaniment to the question being asked","","","","","","","","","",,,,,"",,,,"Element.extension",0,*,"ele-1
","ele-1:All FHIR elements must have a @value or children {hasValue() or (children().count() > id.count())}
ext-1:Must have either extensions or value[x], not both {extension.exists() != value.exists()}"
"QuestionnaireResponse.item.extension","ItemSignature","","",0,*,"","","","Extension {[CanonicalType[http://hl7.org/fhir/StructureDefinition/questionnaireresponse-signature]]} {[]}
","A signature attesting to the content","Represents a wet or electronic signature for either the form overall or for the question or item it's associated with.","","","","","","","","","",,,,,"",,,,"Element.extension",0,*,"ele-1
","ele-1:All FHIR elements must have a @value or children {hasValue() or (children().count() > id.count())}
ext-1:Must have either extensions or value[x], not both {extension.exists() != value.exists()}"
"QuestionnaireResponse.item.modifierExtension","","extensions
user contentmodifiers","",0,*,"","Y","Y","Extension {[]} {[]}
","Extensions that cannot be ignored even if unrecognized","May be used to represent additional information that is not part of the basic definition of the element and that modifies the understanding of the element in which it is contained and/or the understanding of the containing element's descendants. Usually modifier elements provide negation or qualification. To make the use of extensions safe and manageable, there is a strict set of governance applied to the definition and use of extensions. Though any implementer can define an extension, there is a set of requirements that SHALL be met as part of the definition of the extension. Applications processing a resource are required to check for modifier extensions.

Modifier extensions SHALL NOT change the meaning of any elements on Resource or DomainResource (including cannot change the meaning of modifierExtension itself).","There can be no stigma associated with the use of extensions by any application, project, or standard - regardless of the institution or jurisdiction that uses or defines the extensions.  The use of extensions is what allows the FHIR specification to retain a core level of simplicity for everyone.","Modifier extensions allow for extensions that *cannot* be safely ignored to be clearly distinguished from the vast majority of extensions which can be safely ignored.  This promotes interoperability by eliminating the need for implementers to prohibit the presence of extensions. For further information, see the [definition of modifier extensions](http://hl7.org/fhir/R4/extensibility.html#modifierExtension).","","","","","","","",,,,,"",,,,"BackboneElement.modifierExtension",0,*,"","ele-1:All FHIR elements must have a @value or children {hasValue() or (children().count() > id.count())}
ext-1:Must have either extensions or value[x], not both {extension.exists() != value.exists()}","N/A"
"QuestionnaireResponse.item.linkId","","","",1,1,"Y","","","string {[]} {[]}
","Pointer to specific item from Questionnaire","The item from the Questionnaire that corresponds to this item in the QuestionnaireResponse resource.","","Items can repeat in the answers, so a direct 1..1 correspondence by position might not exist - requiring correspondence by identifier.","","","","","","","",,,,,"",,,,"QuestionnaireResponse.item.linkId",1,1,"","ele-1:All FHIR elements must have a @value or children {hasValue() or (children().count() > id.count())}
",".outboundRelationship[typeCode=DEFN].target[classCode=OBS, moodCode=DEFN].id"
"QuestionnaireResponse.item.definition","","","",0,1,"","","","uri {[]} {[]}
","ElementDefinition - details for the item","A reference to an [ElementDefinition](http://hl7.org/fhir/R4/elementdefinition.html) that provides the details for the item.","The ElementDefinition must be in a [StructureDefinition](http://hl7.org/fhir/R4/structuredefinition.html#), and must have a fragment identifier that identifies the specific data element by its id (Element.id). E.g. http://hl7.org/fhir/StructureDefinition/Observation#Observation.value[x].

There is no need for this element if the item pointed to by the linkId has a definition listed.","A common pattern is to define a set of data elements, and then build multiple different questionnaires for different circumstances to gather the data. This element provides traceability to the common definition.","","","","","","","",,,,,"",,,,"QuestionnaireResponse.item.definition",0,1,"","ele-1:All FHIR elements must have a @value or children {hasValue() or (children().count() > id.count())}
",".outboundRelationship[typeCode=DEFN].target[classCode=OBS, moodCode=DEFN].code"
"QuestionnaireResponse.item.text","","","",0,1,"Y","","","string {[]} {[]}
","Name for group or question text","Text that is displayed above the contents of the group or as the text of the question being answered.","","Allows the questionnaire response to be read without access to the questionnaire.","","","","","","","",,,,,"",,,,"QuestionnaireResponse.item.text",0,1,"","ele-1:All FHIR elements must have a @value or children {hasValue() or (children().count() > id.count())}
",".text"
"QuestionnaireResponse.item.answer","","","",0,*,"Y","","","BackboneElement {[]} {[]}
","The response(s) to the question","The respondent's answer(s) to the question.","The value is nested because we cannot have a repeating structure that has variable type.","","","","","","","","",,,,,"",,,,"QuestionnaireResponse.item.answer",0,*,"","ele-1:All FHIR elements must have a @value or children {hasValue() or (children().count() > id.count())}
",".value[type=LIST_ANY]"
"QuestionnaireResponse.item.answer.id","","","",0,1,"","","","string {[]} {[]}
","Unique id for inter-element referencing","Unique id for the element within a resource (for internal references). This may be any string value that does not contain spaces.","","","","","","","","","",,,,,"",,,,"Element.id",0,1,"","","n/a"
"QuestionnaireResponse.item.answer.extension","","","",0,*,"","","","Extension {[]} {[]}
","Extension","An Extension","","","","","","","","","",,,,,"","value:url}
","",,"open","Element.extension",0,*,"","ele-1:All FHIR elements must have a @value or children {hasValue() or (children().count() > id.count())}
ext-1:Must have either extensions or value[x], not both {extension.exists() != value.exists()}"
"QuestionnaireResponse.item.answer.extension","itemAnswerMedia","","",0,1,"","","","Extension {[CanonicalType[http://hl7.org/fhir/uv/sdc/StructureDefinition/sdc-questionnaire-itemAnswerMedia]]} {[]}
","Answer Media to display","Media to render/make available as an accompaniment to a specific answer option","","","","","","","","","",,,,,"",,,,"Element.extension",0,*,"ele-1
","ele-1:All FHIR elements must have a @value or children {hasValue() or (children().count() > id.count())}
ext-1:Must have either extensions or value[x], not both {extension.exists() != value.exists()}"
"QuestionnaireResponse.item.answer.extension","ordinalValue","","",0,1,"","","","Extension {[CanonicalType[http://hl7.org/fhir/StructureDefinition/ordinalValue]]} {[]}
","Assigned Ordinal Value","A numeric value that allows the comparison (less than, greater than) or other numerical 
manipulation of a concept (e.g. Adding up components of a score). Scores are usually a whole number, but occasionally decimals are encountered in scores.","Scores are commonly encountered in various clinical assessment scales. Assigning a value to a concept should generally be done in a formal code system that defines the value, or in an applicable value set for the concept, but some concepts do not have a formal definition (or are not even represented as a concept formally, especially in [Questionnaires](http://hl7.org/fhir/R4/questionnaire.html), 
so this extension is allowed to appear ouside those preferred contexts.  Scores may even be assigned arbitrarily during use (hence, on Coding). The value may be constrained to an integer in some contexts of use. Todo: Scoring algorithms may also be defined directly, but how this is done is not yet defined.","","","","","","","","",,,,,"",,,,"Element.extension",0,*,"ele-1
","ele-1:All FHIR elements must have a @value or children {hasValue() or (children().count() > id.count())}
ext-1:Must have either extensions or value[x], not both {extension.exists() != value.exists()}"
"QuestionnaireResponse.item.answer.modifierExtension","","extensions
user contentmodifiers","",0,*,"","Y","Y","Extension {[]} {[]}
","Extensions that cannot be ignored even if unrecognized","May be used to represent additional information that is not part of the basic definition of the element and that modifies the understanding of the element in which it is contained and/or the understanding of the containing element's descendants. Usually modifier elements provide negation or qualification. To make the use of extensions safe and manageable, there is a strict set of governance applied to the definition and use of extensions. Though any implementer can define an extension, there is a set of requirements that SHALL be met as part of the definition of the extension. Applications processing a resource are required to check for modifier extensions.

Modifier extensions SHALL NOT change the meaning of any elements on Resource or DomainResource (including cannot change the meaning of modifierExtension itself).","There can be no stigma associated with the use of extensions by any application, project, or standard - regardless of the institution or jurisdiction that uses or defines the extensions.  The use of extensions is what allows the FHIR specification to retain a core level of simplicity for everyone.","Modifier extensions allow for extensions that *cannot* be safely ignored to be clearly distinguished from the vast majority of extensions which can be safely ignored.  This promotes interoperability by eliminating the need for implementers to prohibit the presence of extensions. For further information, see the [definition of modifier extensions](http://hl7.org/fhir/R4/extensibility.html#modifierExtension).","","","","","","","",,,,,"",,,,"BackboneElement.modifierExtension",0,*,"","ele-1:All FHIR elements must have a @value or children {hasValue() or (children().count() > id.count())}
ext-1:Must have either extensions or value[x], not both {extension.exists() != value.exists()}","N/A"
"QuestionnaireResponse.item.answer.value[x]","","","",0,1,"Y","","","boolean {[]} {[]}
date {[]} {[]}dateTime {[]} {[]}time {[]} {[]}decimal {[]} {[]}integer {[]} {[]}string {[]} {[]}Coding {[]} {[]}uri {[]} {[]}Quantity {[]} {[]}Attachment {[]} {[]}Reference {[]} {[]}","Single-valued answer to the question","The answer (or one of the answers) provided by the respondent to the question.","More complex structures (Attachment, Resource and Quantity) will typically be limited to electronic forms that can expose an appropriate user interface to capture the components and enforce the constraints of a complex data type.  Additional complex types can be introduced through extensions. Must match the datatype specified by Questionnaire.item.type in the corresponding Questionnaire.","Ability to retain a single-valued answer to a question.","","","","","","","",,"example","Code indicating the response provided for a question.","http://hl7.org/fhir/ValueSet/questionnaire-answers","",,,,"QuestionnaireResponse.item.answer.value[x]",0,1,"","ele-1:All FHIR elements must have a @value or children {hasValue() or (children().count() > id.count())}
",".item"
"QuestionnaireResponse.item.answer.item","","","",0,*,"Y","","","","Nested groups and questions","Nested groups and/or questions found within this particular answer.","","It is useful to have ""sub-questions"", questions which normally appear when certain answers are given and which collect additional details.","","","","","","","",,,,,"",,,,"QuestionnaireResponse.item.answer.item",0,*,"","ele-1:All FHIR elements must have a @value or children {hasValue() or (children().count() > id.count())}
",".outboundRelationship[typeCode=COMP].target[classCode=OBS, moodCode=EVN]"
"QuestionnaireResponse.item.item","","","",0,*,"Y","","","","Nested questionnaire response items","Questions or sub-groups nested beneath a question or group.","","Reports can consist of complex nested groups.","","","","","","","",,,,,"",,,,"QuestionnaireResponse.item.item",0,*,"","ele-1:All FHIR elements must have a @value or children {hasValue() or (children().count() > id.count())}
",".outboundRelationship[typeCode=COMP].target[classCode=OBS, moodCode=EVN]"
