{
  "package": "healthedata1-sandbox",
  "version": "0.1.0",
  "fhirVersion": "4.0.1",
  "extensions": [
    {
      "url": "http://www.fhir.org/guides/healthedata1-sandbox/StructureDefinition/backport-heartbeat-period",
      "title": "Backport R5 Subscription Heartbeat Period",
      "types": [
        "unsignedInt"
      ]
    },
    {
      "url": "http://www.fhir.org/guides/healthedata1-sandbox/StructureDefinition/backport-payload-content",
      "title": "Backport R5 Subscription Payload Content Information",
      "types": [
        "code",
        "code"
      ]
    },
    {
      "url": "http://www.fhir.org/guides/healthedata1-sandbox/StructureDefinition/backport-timeout",
      "title": "Backport R5 Subscription Timeout",
      "types": [
        "unsignedInt"
      ]
    },
    {
      "url": "http://www.fhir.org/guides/healthedata1-sandbox/StructureDefinition/backport-topic-canonical",
      "title": "Backport R5 Subscription Topic Canonical",
      "types": [
        "uri",
        "uri"
      ]
    },
    {
      "url": "http://www.fhir.org/guides/healthedata1-sandbox/StructureDefinition/patientlistquestionnaire",
      "title": "Argonaut Patient List Questionnaire",
      "types": [
        "Reference",
        "Reference"
      ]
    },
    {
      "url": "http://www.fhir.org/guides/healthedata1-sandbox/StructureDefinition/patientlistquestionnaireresponse",
      "title": "Argonaut Patient List QuestionnaireResponse",
      "types": [
        "Reference",
        "Reference"
      ]
    }
  ],
  "profiles": {
    "DiagnosticReport": [
      {
        "url": "http://hl7.org/fhir/us/core/StructureDefinition/us-core-diagnosticreport-note",
        "title": "US Core DiagnosticReport Profile for Report and Note exchange"
      }
    ],
    "Subscription": [
      {
        "url": "http://www.fhir.org/guides/healthedata1-sandbox/StructureDefinition/backport-subscription",
        "title": "Backported R5 Subscription"
      }
    ],
    "Bundle": [
      {
        "url": "http://www.fhir.org/guides/healthedata1-sandbox/StructureDefinition/backport-subscription-notification",
        "title": "Backported R5 Subscription Notification Bundle"
      }
    ],
    "Parameters": [
      {
        "url": "http://www.fhir.org/guides/healthedata1-sandbox/StructureDefinition/backport-subscription-status",
        "title": "Backported R5 Subscription Notification Status"
      }
    ]
  },
  "usage": {
    "http://hl7.org/fhir/5.0.0/StructureDefinition/extension-DiagnosticReport.media": [
      "DiagnosticReport"
    ],
    "http://hl7.org/fhir/StructureDefinition/elementdefinition-bestpractice": [
      "StructureDefinition.snapshot.element.constraint"
    ],
    "http://hl7.org/fhir/StructureDefinition/elementdefinition-bestpractice-explanation": [
      "StructureDefinition.snapshot.element.constraint"
    ],
    "http://hl7.org/fhir/StructureDefinition/elementdefinition-bindingName": [
      "StructureDefinition.snapshot.element.binding"
    ],
    "http://hl7.org/fhir/StructureDefinition/elementdefinition-isCommonBinding": [
      "StructureDefinition.snapshot.element.binding"
    ],
    "http://hl7.org/fhir/StructureDefinition/elementdefinition-maxValueSet": [
      "StructureDefinition.snapshot.element.binding"
    ],
    "http://hl7.org/fhir/StructureDefinition/elementdefinition-type-must-support": [
      "StructureDefinition.differential.element.type",
      "StructureDefinition.differential.element.type.targetProfile",
      "StructureDefinition.snapshot.element.type",
      "StructureDefinition.snapshot.element.type.targetProfile"
    ],
    "http://hl7.org/fhir/StructureDefinition/instance-description": [
      "Location.meta",
      "Observation.meta",
      "Task.meta"
    ],
    "http://hl7.org/fhir/StructureDefinition/instance-name": [
      "Location.meta",
      "Observation.meta",
      "Task.meta"
    ],
    "http://hl7.org/fhir/StructureDefinition/regex": [
      "StructureDefinition.snapshot.element.type"
    ],
    "http://hl7.org/fhir/StructureDefinition/rendered-value": [
      "Observation.identifier.value"
    ],
    "http://hl7.org/fhir/StructureDefinition/structuredefinition-category": [
      "StructureDefinition"
    ],
    "http://hl7.org/fhir/StructureDefinition/structuredefinition-fhir-type": [
      "StructureDefinition.snapshot.element.type"
    ],
    "http://hl7.org/fhir/StructureDefinition/structuredefinition-security-category": [
      "StructureDefinition"
    ],
    "http://hl7.org/fhir/StructureDefinition/structuredefinition-standards-status": [
      "StructureDefinition.snapshot.element"
    ],
    "http://hl7.org/fhir/tools/StructureDefinition/ig-parameter": [
      "ImplementationGuide.definition"
    ],
    "http://hl7.org/fhir/tools/StructureDefinition/resource-information": [
      "ImplementationGuide.definition.resource"
    ],
    "http://www.fhir.org/guides/healthedata1-sandbox/StructureDefinition/backport-heartbeat-period": [
      "Subscription.channel"
    ],
    "http://www.fhir.org/guides/healthedata1-sandbox/StructureDefinition/backport-payload-content": [
      "Subscription.channel.payload"
    ],
    "http://www.fhir.org/guides/healthedata1-sandbox/StructureDefinition/backport-timeout": [
      "Subscription.channel"
    ],
    "http://www.fhir.org/guides/healthedata1-sandbox/StructureDefinition/backport-topic-canonical": [
      "Subscription"
    ]
  }
}