{
  "package": "healthedata1-sandbox",
  "version": "0.1.0",
  "fhirVersion": "4.0.1",
  "extensions": [],
  "profiles": {
    "QuestionnaireResponse": [
      {
        "url": "http://hl7.org/fhir/us/core/StructureDefinition/us-core-questionnaireresponse",
        "title": "US Core Questionnaire Response Profile"
      }
    ],
    "Condition": [
      {
        "url": "http://www.fhir.org/guides/healthedata1-sandbox/StructureDefinition/us-core-encounter-diagnosis",
        "title": "US Core Encounter Diagnosis Profile"
      },
      {
        "url": "http://www.fhir.org/guides/healthedata1-sandbox/StructureDefinition/us-core-problems-and-health-concerns",
        "title": "US Core Problems and Health Concerns Profile"
      }
    ]
  },
  "usage": {
    "http://hl7.org/fhir/StructureDefinition/condition-assertedDate": [
      "Condition"
    ],
    "http://hl7.org/fhir/StructureDefinition/display": [
      "QuestionnaireResponse.questionnaire"
    ],
    "http://hl7.org/fhir/StructureDefinition/elementdefinition-bestpractice": [
      "StructureDefinition.differential.element.constraint",
      "StructureDefinition.snapshot.element.constraint"
    ],
    "http://hl7.org/fhir/StructureDefinition/elementdefinition-bestpractice-explanation": [
      "StructureDefinition.snapshot.element.constraint"
    ],
    "http://hl7.org/fhir/StructureDefinition/elementdefinition-bindingName": [
      "StructureDefinition.snapshot.element.binding"
    ],
    "http://hl7.org/fhir/StructureDefinition/elementdefinition-isCommonBinding": [
      "StructureDefinition.snapshot.element.binding"
    ],
    "http://hl7.org/fhir/StructureDefinition/elementdefinition-maxValueSet": [
      "StructureDefinition.snapshot.element.binding"
    ],
    "http://hl7.org/fhir/StructureDefinition/elementdefinition-translatable": [
      "StructureDefinition.snapshot.element"
    ],
    "http://hl7.org/fhir/StructureDefinition/elementdefinition-type-must-support": [
      "StructureDefinition.differential.element.type",
      "StructureDefinition.differential.element.type.targetProfile",
      "StructureDefinition.snapshot.element.type",
      "StructureDefinition.snapshot.element.type.targetProfile"
    ],
    "http://hl7.org/fhir/StructureDefinition/ordinalValue": [
      "QuestionnaireResponse.item.answer"
    ],
    "http://hl7.org/fhir/StructureDefinition/questionnaireresponse-completionMode": [
      "QuestionnaireResponse"
    ],
    "http://hl7.org/fhir/StructureDefinition/questionnaireresponse-signature": [
      "QuestionnaireResponse",
      "QuestionnaireResponse.item"
    ],
    "http://hl7.org/fhir/StructureDefinition/regex": [
      "StructureDefinition.snapshot.element.type"
    ],
    "http://hl7.org/fhir/StructureDefinition/structuredefinition-fhir-type": [
      "StructureDefinition.snapshot.element.type"
    ],
    "http://hl7.org/fhir/tools/StructureDefinition/ig-parameter": [
      "ImplementationGuide.definition"
    ],
    "http://hl7.org/fhir/tools/StructureDefinition/resource-information": [
      "ImplementationGuide.definition.resource"
    ],
    "http://hl7.org/fhir/us/core/StructureDefinition/questionnaire-url": [
      "QuestionnaireResponse.questionnaire"
    ],
    "http://hl7.org/fhir/uv/sdc/StructureDefinition/sdc-questionnaire-itemAnswerMedia": [
      "QuestionnaireResponse.item.answer"
    ],
    "http://hl7.org/fhir/uv/sdc/StructureDefinition/sdc-questionnaire-itemMedia": [
      "QuestionnaireResponse.item"
    ]
  }
}