{
  "package": "healthedatainc.sushi-sandbox",
  "version": "0.1.0",
  "fhirVersion": "4.0.1",
  "extensions": [
    {
      "url": "http://www.fhir.org/guides/argonaut/argo-write/StructureDefinition/extension-modality",
      "title": "Modality Extension",
      "types": [
        "code"
      ]
    },
    {
      "url": "http://www.fhir.org/guides/sushi-sandbox/StructureDefinition/patientlistquestionnaire",
      "title": "Argonaut Patient List Questionnaire",
      "types": [
        "Reference",
        "Reference"
      ]
    },
    {
      "url": "http://www.fhir.org/guides/sushi-sandbox/StructureDefinition/patientlistquestionnaireresponse",
      "title": "Argonaut Patient List QuestionnaireResponse",
      "types": [
        "Reference",
        "Reference"
      ]
    }
  ],
  "profiles": {
    "RelatedPerson": [
      {
        "url": "http://hl7.org/fhir/us/core/StructureDefinition/us-core-relatedperson",
        "title": "US Core Related Person"
      }
    ],
    "ServiceRequest": [
      {
        "url": "http://hl7.org/fhir/us/uscore/StructureDefinition/us-core-servicerequest",
        "title": "US Core Service Request"
      }
    ],
    "Group": [
      {
        "url": "http://www.fhir.org/guides/sushi-sandbox/StructureDefinition/argo-patientlist",
        "title": "Argonaut Patient List (Group) Profile"
      },
      {
        "url": "http://www.fhir.org/guides/sushi-sandbox/StructureDefinition/argo-patientlist2",
        "title": "Argonaut Patient List (Group) Profile"
      }
    ],
    "Observation": [
      {
        "url": "http://www.fhir.org/guides/sushi-sandbox/StructureDefinition/argo-write-observation",
        "title": "Argo Write Observation Profile"
      }
    ]
  },
  "usage": {
    "http://hl7.org/fhir/StructureDefinition/capabilitystatement-expectation": [
      "CapabilityStatement.implementationGuide"
    ],
    "http://hl7.org/fhir/StructureDefinition/elementdefinition-bestpractice": [
      "StructureDefinition.snapshot.element.constraint"
    ],
    "http://hl7.org/fhir/StructureDefinition/elementdefinition-bestpractice-explanation": [
      "StructureDefinition.snapshot.element.constraint"
    ],
    "http://hl7.org/fhir/StructureDefinition/elementdefinition-bindingName": [
      "StructureDefinition.snapshot.element.binding"
    ],
    "http://hl7.org/fhir/StructureDefinition/elementdefinition-isCommonBinding": [
      "StructureDefinition.snapshot.element.binding"
    ],
    "http://hl7.org/fhir/StructureDefinition/elementdefinition-maxValueSet": [
      "StructureDefinition.snapshot.element.binding"
    ],
    "http://hl7.org/fhir/StructureDefinition/elementdefinition-translatable": [
      "StructureDefinition.snapshot.element"
    ],
    "http://hl7.org/fhir/StructureDefinition/elementdefinition-type-must-support": [
      "StructureDefinition.differential.element.type",
      "StructureDefinition.differential.element.type.targetProfile",
      "StructureDefinition.snapshot.element.type",
      "StructureDefinition.snapshot.element.type.targetProfile"
    ],
    "http://hl7.org/fhir/StructureDefinition/instance-description": [
      "Observation.meta"
    ],
    "http://hl7.org/fhir/StructureDefinition/instance-name": [
      "Observation.meta"
    ],
    "http://hl7.org/fhir/StructureDefinition/observation-gatewayDevice": [
      "Observation"
    ],
    "http://hl7.org/fhir/StructureDefinition/rendered-value": [
      "Observation.identifier.value"
    ],
    "http://hl7.org/fhir/StructureDefinition/structuredefinition-category": [
      "StructureDefinition"
    ],
    "http://hl7.org/fhir/StructureDefinition/structuredefinition-display-hint": [
      "StructureDefinition.snapshot.element"
    ],
    "http://hl7.org/fhir/StructureDefinition/structuredefinition-fhir-type": [
      "StructureDefinition.snapshot.element.type"
    ],
    "http://hl7.org/fhir/StructureDefinition/structuredefinition-security-category": [
      "StructureDefinition"
    ],
    "http://hl7.org/fhir/StructureDefinition/structuredefinition-standards-status": [
      "StructureDefinition.snapshot.element"
    ],
    "http://hl7.org/fhir/tools/StructureDefinition/ig-parameter": [
      "ImplementationGuide.definition"
    ],
    "http://hl7.org/fhir/tools/StructureDefinition/resource-information": [
      "ImplementationGuide.definition.resource"
    ],
    "http://www.fhir.org/guides/argonaut/argo-write/StructureDefinition/extension-modality": [
      "Observation"
    ],
    "http://www.fhir.org/guides/sushi-sandbox/StructureDefinition/patientlistquestionnaire": [
      "Group"
    ],
    "http://www.fhir.org/guides/sushi-sandbox/StructureDefinition/patientlistquestionnaireresponse": [
      "Group.member.entity"
    ]
  }
}