{
  "package": "healthedatainc.sushi-sandbox",
  "version": "0.1.0",
  "fhirVersion": "4.0.1",
  "extensions": [
    {
      "url": "http://www.fhir.org/guides/sushi-sandbox/StructureDefinition/patientlistquestionnaire",
      "title": "Argonaut Patient List Questionnaire",
      "types": [
        "Reference",
        "Reference"
      ]
    },
    {
      "url": "http://www.fhir.org/guides/sushi-sandbox/StructureDefinition/patientlistquestionnaireresponse",
      "title": "Argonaut Patient List QuestionnaireResponse",
      "types": [
        "Reference",
        "Reference"
      ]
    }
  ],
  "profiles": {
    "Group": [
      {
        "url": "http://www.fhir.org/guides/sushi-sandbox/StructureDefinition/argo-patientlist",
        "title": "Argonaut Patient List (Group) Profile"
      },
      {
        "url": "http://www.fhir.org/guides/sushi-sandbox/StructureDefinition/argo-patientlist2",
        "title": "Argonaut Patient List (Group) Profile"
      }
    ],
    "Observation": [
      {
        "url": "http://www.fhir.org/guides/sushi-sandbox/StructureDefinition/test-obs",
        "title": "US Core Laboratory Result Observation Profile"
      }
    ]
  },
  "usage": {
    "http://hl7.org/fhir/StructureDefinition/capabilitystatement-expectation": [
      "CapabilityStatement.rest.interaction",
      "CapabilityStatement.rest.resource",
      "CapabilityStatement.rest.resource.interaction",
      "CapabilityStatement.rest.resource.operation",
      "CapabilityStatement.rest.resource.searchParam",
      "CapabilityStatement.rest.searchParam"
    ],
    "http://hl7.org/fhir/StructureDefinition/capabilitystatement-search-parameter-combination": [
      "CapabilityStatement.rest.resource"
    ],
    "http://hl7.org/fhir/StructureDefinition/elementdefinition-bestpractice": [
      "StructureDefinition.snapshot.element.constraint"
    ],
    "http://hl7.org/fhir/StructureDefinition/elementdefinition-bestpractice-explanation": [
      "StructureDefinition.snapshot.element.constraint"
    ],
    "http://hl7.org/fhir/StructureDefinition/elementdefinition-bindingName": [
      "StructureDefinition.snapshot.element.binding"
    ],
    "http://hl7.org/fhir/StructureDefinition/elementdefinition-isCommonBinding": [
      "StructureDefinition.snapshot.element.binding"
    ],
    "http://hl7.org/fhir/StructureDefinition/elementdefinition-maxValueSet": [
      "StructureDefinition.snapshot.element.binding"
    ],
    "http://hl7.org/fhir/StructureDefinition/elementdefinition-translatable": [
      "StructureDefinition.snapshot.element"
    ],
    "http://hl7.org/fhir/StructureDefinition/instance-description": [
      "Observation.meta"
    ],
    "http://hl7.org/fhir/StructureDefinition/instance-name": [
      "Observation.meta"
    ],
    "http://hl7.org/fhir/StructureDefinition/structuredefinition-category": [
      "StructureDefinition"
    ],
    "http://hl7.org/fhir/StructureDefinition/structuredefinition-display-hint": [
      "StructureDefinition.snapshot.element"
    ],
    "http://hl7.org/fhir/StructureDefinition/structuredefinition-fhir-type": [
      "StructureDefinition.snapshot.element.type"
    ],
    "http://hl7.org/fhir/StructureDefinition/structuredefinition-security-category": [
      "StructureDefinition"
    ],
    "http://hl7.org/fhir/StructureDefinition/structuredefinition-standards-status": [
      "StructureDefinition.snapshot.element"
    ],
    "http://hl7.org/fhir/StructureDefinition/type-must-support": [
      "StructureDefinition.differential.element.type",
      "StructureDefinition.snapshot.element.type"
    ],
    "http://hl7.org/fhir/tools/StructureDefinition/ig-parameter": [
      "ImplementationGuide.definition"
    ],
    "http://hl7.org/fhir/tools/StructureDefinition/resource-information": [
      "ImplementationGuide.definition.resource"
    ],
    "http://www.fhir.org/guides/sushi-sandbox/StructureDefinition/patientlistquestionnaire": [
      "Group"
    ],
    "http://www.fhir.org/guides/sushi-sandbox/StructureDefinition/patientlistquestionnaireresponse": [
      "Group.member.entity"
    ]
  }
}