{
  "resourceType": "ValueSet",
  "id": "argo-group-characteristic",
  "text": {
    "status": "generated",
    "div": "<div xmlns=\"http://www.w3.org/1999/xhtml\"><ul><li>Include all codes defined in <a href=\"CodeSystem-argo-group-characteristic.html\"><code>http://www.fhir.org/guides/healthedata1-sandbox/CodeSystem/argo-group-characteristic</code></a></li></ul></div>"
  },
  "url": "http://www.fhir.org/guides/healthedata1-sandbox/ValueSet/argo-group-characteristic",
  "version": "0.1.0",
  "name": "ArgonautGroupCharacteristicValueSet",
  "title": "Argonaut Group Characteristic Value Set",
  "status": "active",
  "date": "2021-11-09T10:18:17-08:00",
  "publisher": "Health eData Inc",
  "contact": [
    {
      "telecom": [
        {
          "system": "email",
          "value": "mailto:ehaas@healthedatainc.com"
        }
      ]
    }
  ],
  "description": "Used to define group characteristic and limited to 'location'or....",
  "compose": {
    "include": [
      {
        "system": "http://www.fhir.org/guides/healthedata1-sandbox/CodeSystem/argo-group-characteristic"
      }
    ]
  }
}