<?xml version="1.0" encoding="UTF-8"?>

<ValueSet xmlns="http://hl7.org/fhir">
  <id value="us-core-tags"/>
  <text>
    <status value="generated"/><div xmlns="http://www.w3.org/1999/xhtml"><ul><li>Include all codes defined in <a href="CodeSystem-us-core-tags.html"><code>http://hl7.org/fhir/us/core/CodeSystem/us-core-tags</code></a></li></ul></div>
  </text>
  <url value="http://hl7.org/fhir/us/core/ValueSet/us-core-tags"/>
  <version value="0.1.0"/>
  <name value="USCoreTagsValueSet"/>
  <title value="US Core Tags Value Set"/>
  <status value="active"/>
  <date value="2022-04-19T23:22:25-07:00"/>
  <publisher value="Health eData Inc"/>
  <contact>
    <telecom>
      <system value="email"/>
      <value value="mailto:ehaas@healthedatainc.com"/>
    </telecom>
  </contact>
  <description value="Used to tag patient submitted resources for writing and searching from EHRs"/>
  <compose>
    <include>
      <system value="http://hl7.org/fhir/us/core/CodeSystem/us-core-tags"/>
    </include>
  </compose>
</ValueSet>