<?xml version="1.0" encoding="UTF-8"?>

<ValueSet xmlns="http://hl7.org/fhir">
  <id value="cdex-attachment-reason"/>
  <text>
    <status value="generated"/><div xmlns="http://www.w3.org/1999/xhtml"><ul><li>Include these codes as defined in <code>http://hl7.org/fhir/us/davinci-cdex/CodeSystem/cdex-temp</code><table class="none"><tr><td style="white-space:nowrap"><b>Code</b></td><td><b>Display</b></td></tr><tr><td>unsolicited</td><td/></tr><tr><td>solicited</td><td/></tr><tr><td>prior-authorization</td><td/></tr></table></li></ul></div>
  </text>
  <url value="http://hl7.org/fhir/us/davinci-cdex/ValueSet/cdex-attachment-reason"/>
  <version value="0.1.0"/>
  <name value="CDexAttachmentReasonValueSet"/>
  <title value="CDex Attachment Reason Value Set"/>
  <status value="draft"/>
  <date value="2021-12-03T21:27:25-08:00"/>
  <publisher value="Health eData Inc"/>
  <contact>
    <telecom>
      <system value="email"/>
      <value value="mailto:ehaas@healthedatainc.com"/>
    </telecom>
  </contact>
  <description value="The set of codes is used in the [`$attachment`](http://build.fhir.org/ig/HL7/davinci-ecdx/todo.html) operation for identifying the reason for attachments"/>
  <copyright value="Used by permission of HL7 International all rights reserved Creative Commons License"/>
  <compose>
    <include>
      <system value="http://hl7.org/fhir/us/davinci-cdex/CodeSystem/cdex-temp"/>
      <concept>
        <code value="unsolicited"/>
      </concept>
      <concept>
        <code value="solicited"/>
      </concept>
      <concept>
        <code value="prior-authorization"/>
      </concept>
    </include>
  </compose>
</ValueSet>