{
  "resourceType": "Observation",
  "id": "10-minute-apgar-score-panel",
  "meta": {
    "extension": [
      {
        "url": "http://hl7.org/fhir/StructureDefinition/instance-name",
        "valueString": "10 Minute Apgar Score Panel Example"
      },
      {
        "url": "http://hl7.org/fhir/StructureDefinition/instance-description",
        "valueMarkdown": "This example of a US Core Survey Observation Profile illustrates its use to directly capture surveys assessments as a panel of observations. It is not derived from a FHIR QuestionnaireResponse."
      }
    ],
    "profile": [
      "http://www.fhir.org/guides/healthedata1-sandbox/StructureDefinition/us-core-observation-sdoh-assessment"
    ]
  },
  "text": {
    "status": "generated",
    "div": "<div xmlns=\"http://www.w3.org/1999/xhtml\"><p><b>Generated Narrative</b></p><div style=\"display: inline-block; background-color: #d9e0e7; padding: 6px; margin: 4px; border: 1px solid #8da1b4; border-radius: 5px; line-height: 60%\"><p style=\"margin-bottom: 0px\">Resource \"10-minute-apgar-score-panel\" </p><p style=\"margin-bottom: 0px\">Profile: <a href=\"StructureDefinition-us-core-observation-sdoh-assessment.html\">US Core Observation SDOH Assessment Profile</a></p></div><p><b>status</b>: final</p><p><b>category</b>: Survey <span style=\"background: LightGoldenRodYellow; margin: 4px; border: 1px solid khaki\"> (<a href=\"http://terminology.hl7.org/3.1.0/CodeSystem-observation-category.html\">Observation Category Codes</a>#survey)</span></p><p><b>code</b>: 10 minute Apgar Score <span style=\"background: LightGoldenRodYellow; margin: 4px; border: 1px solid khaki\"> (<a href=\"https://loinc.org/\">LOINC</a>#9271-8; <a href=\"https://browser.ihtsdotools.org/\">SNOMED CT</a>#169922007 \"Apgar at 10 minutes\")</span></p><p><b>subject</b>: <a href=\"Patient/infant-example\">Patient/infant-example</a></p><p><b>effective</b>: 2016-05-18 10:33:22+0000</p><p><b>performer</b>: <a href=\"Practitioner/practitioner-1\">Practitioner/practitioner-1: Ronald Bone</a></p><p><b>hasMember</b>: </p><ul><li><a href=\"Observation-10-minute-apgar-score.html\">Observation/10-minute-apgar-score</a></li><li><a href=\"Observation-10-minute-apgar-respiratory-effort.html\">Observation/10-minute-apgar-respiratory-effort</a></li><li><a href=\"Observation-10-minute-apgar-muscle-tone.html\">Observation/10-minute-apgar-muscle-tone</a></li><li><a href=\"Observation-10-minute-apgar-reflex-irritability.html\">Observation/10-minute-apgar-reflex-irritability</a></li><li><a href=\"Observation-10-minute-apgar-color.html\">Observation/10-minute-apgar-color</a></li><li><a href=\"Observation-10-minute-apgar-heart-rate.html\">Observation/10-minute-apgar-heart-rate</a></li></ul></div>"
  },
  "status": "final",
  "category": [
    {
      "coding": [
        {
          "system": "http://terminology.hl7.org/CodeSystem/observation-category",
          "code": "survey",
          "display": "Survey"
        }
      ],
      "text": "Survey"
    }
  ],
  "code": {
    "coding": [
      {
        "system": "http://loinc.org",
        "code": "9271-8",
        "display": "10 minute Apgar Score"
      },
      {
        "system": "http://snomed.info/sct",
        "code": "169922007",
        "display": "Apgar at 10 minutes"
      }
    ],
    "text": "10 minute Apgar Score"
  },
  "subject": {
    "reference": "Patient/infant-example"
  },
  "effectiveDateTime": "2016-05-18T22:33:22Z",
  "performer": [
    {
      "reference": "Practitioner/practitioner-1",
      "display": "Ronald Bone"
    }
  ],
  "hasMember": [
    {
      "reference": "Observation/10-minute-apgar-score"
    },
    {
      "reference": "Observation/10-minute-apgar-respiratory-effort"
    },
    {
      "reference": "Observation/10-minute-apgar-muscle-tone"
    },
    {
      "reference": "Observation/10-minute-apgar-reflex-irritability"
    },
    {
      "reference": "Observation/10-minute-apgar-color"
    },
    {
      "reference": "Observation/10-minute-apgar-heart-rate"
    }
  ]
}