{
  "resourceType": "Observation",
  "id": "HVS-panel-example-88121-9",
  "meta": {
    "extension": [
      {
        "url": "http://hl7.org/fhir/StructureDefinition/instance-name",
        "valueString": "Hvs Panel Example 88121-9"
      },
      {
        "url": "http://hl7.org/fhir/StructureDefinition/instance-description",
        "valueMarkdown": "This is a Hvs Panel Example 88121-9 (Hunger Vital Sign [HVS]) for the *US Core Screening Response Observation Profile*"
      }
    ],
    "profile": [
      "http://www.fhir.org/guides/healthedata1-sandbox/StructureDefinition/us-core-observation-sdoh-assessment"
    ]
  },
  "text": {
    "status": "generated",
    "div": "<div xmlns=\"http://www.w3.org/1999/xhtml\"><p><b>Generated Narrative</b></p><div style=\"display: inline-block; background-color: #d9e0e7; padding: 6px; margin: 4px; border: 1px solid #8da1b4; border-radius: 5px; line-height: 60%\"><p style=\"margin-bottom: 0px\">Resource \"HVS-panel-example-88121-9\" </p><p style=\"margin-bottom: 0px\">Profile: <a href=\"StructureDefinition-us-core-observation-sdoh-assessment.html\">US Core Observation SDOH Assessment Profile</a></p></div><p><b>status</b>: final</p><p><b>category</b>: SocialDeterminantsOfHealth <span style=\"background: LightGoldenRodYellow; margin: 4px; border: 1px solid khaki\"> (<a href=\"https://loinc.org/\">LOINC</a>#LG41762-2)</span>, Survey <span style=\"background: LightGoldenRodYellow; margin: 4px; border: 1px solid khaki\"> (<a href=\"http://terminology.hl7.org/3.1.0/CodeSystem-observation-category.html\">Observation Category Codes</a>#survey)</span></p><p><b>code</b>: Hunger Vital Sign [HVS] <span style=\"background: LightGoldenRodYellow; margin: 4px; border: 1px solid khaki\"> (<a href=\"https://loinc.org/\">LOINC</a>#88121-9)</span></p><p><b>subject</b>: <a href=\"Patient/example\">Patient/example</a></p><p><b>effective</b>: 2020-09-10 09:56:54+0000</p><p><b>performer</b>: <a href=\"Patient/example\">Patient/example</a></p><p><b>hasMember</b>: </p><ul><li><a href=\"Observation-HVS-item-example-88122-7.html\">Observation/HVS-item-example-88122-7</a></li><li><a href=\"Observation-HVS-item-example-88123-5.html\">Observation/HVS-item-example-88123-5</a></li><li><a href=\"Observation-HVS-item-example-88124-3.html\">Observation/HVS-item-example-88124-3</a></li></ul><p><b>derivedFrom</b>: <a href=\"QuestionnaireResponse-hunger-vital-sign-example.html\">QuestionnaireResponse/hunger-vital-sign-example: US Core QuestionnaireResponse Hunger Vital Sign Example</a></p></div>"
  },
  "status": "final",
  "category": [
    {
      "coding": [
        {
          "system": "http://loinc.org",
          "code": "LG41762-2",
          "display": "SocialDeterminantsOfHealth"
        }
      ]
    },
    {
      "coding": [
        {
          "system": "http://terminology.hl7.org/CodeSystem/observation-category",
          "code": "survey",
          "display": "Survey"
        }
      ]
    }
  ],
  "code": {
    "coding": [
      {
        "system": "http://loinc.org",
        "code": "88121-9",
        "display": "Hunger Vital Sign [HVS]"
      }
    ],
    "text": "Hunger Vital Sign [HVS]"
  },
  "subject": {
    "reference": "Patient/example"
  },
  "effectiveDateTime": "2020-09-10T21:56:54.671000+00:00",
  "performer": [
    {
      "reference": "Patient/example"
    }
  ],
  "hasMember": [
    {
      "reference": "Observation/HVS-item-example-88122-7"
    },
    {
      "reference": "Observation/HVS-item-example-88123-5"
    },
    {
      "reference": "Observation/HVS-item-example-88124-3"
    }
  ],
  "derivedFrom": [
    {
      "reference": "QuestionnaireResponse/hunger-vital-sign-example",
      "display": "US Core QuestionnaireResponse Hunger Vital Sign Example"
    }
  ]
}